Project,Namespace,Class,Method,LOC,CC,PC
ExHyperV,ExHyperV,App,App,9,2,0
ExHyperV,ExHyperV,App,OnStartup,29,4,1
ExHyperV,ExHyperV,App,OnExit,7,1,1
ExHyperV,ExHyperV,App,GetValidSystemLanguage,4,1,0
ExHyperV,ExHyperV,App,IsLanguageSupported,3,1,1
ExHyperV,ExHyperV,App,GetSystemLanguageViaAPI,5,1,0
ExHyperV,ExHyperV,App,SetLanguage,5,1,1
ExHyperV,ExHyperV,App,ReadLanguageFromConfig,11,1,0
ExHyperV,ExHyperV,App,WriteLanguageToConfig,17,2,1
ExHyperV,ExHyperV,App,GetUserDefaultLocaleName,0,1,2
ExHyperV,ExHyperV.Converters,BooleanToVisibilityConverter,Convert,8,2,4
ExHyperV,ExHyperV.Converters,BooleanToVisibilityConverter,ConvertBack,3,1,4
ExHyperV,ExHyperV.Converters,ByteToBooleanConverter,Convert,0,1,4
ExHyperV,ExHyperV.Converters,ByteToBooleanConverter,ConvertBack,0,1,4
ExHyperV,ExHyperV.Converters,CommandParameterConverter,Convert,3,1,4
ExHyperV,ExHyperV.Converters,CommandParameterConverter,ConvertBack,3,1,4
ExHyperV,ExHyperV.Converters,CpuEnumDisplayConverter,Convert,26,2,4
ExHyperV,ExHyperV.Converters,CpuEnumDisplayConverter,ConvertBack,0,1,4
ExHyperV,ExHyperV.Converters,DiskTypeToTextConverter,Convert,16,2,4
ExHyperV,ExHyperV.Converters,DiskTypeToTextConverter,ConvertBack,3,1,4
ExHyperV,ExHyperV.Converters,EqualityConverter,Convert,0,1,4
ExHyperV,ExHyperV.Converters,EqualityConverter,ConvertBack,9,2,4
ExHyperV,ExHyperV.Converters,EqualityToVisibilityConverter,Convert,8,2,4
ExHyperV,ExHyperV.Converters,EqualityToVisibilityConverter,ConvertBack,3,1,4
ExHyperV,ExHyperV.Converters,GpuImagePathConverter,Convert,6,2,4
ExHyperV,ExHyperV.Converters,GpuImagePathConverter,ConvertBack,3,1,4
ExHyperV,ExHyperV.Converters,IntListToStringConverter,Convert,7,2,4
ExHyperV,ExHyperV.Converters,IntListToStringConverter,ConvertBack,16,3,4
ExHyperV,ExHyperV.Converters,InverseBooleanConverter,Convert,7,2,4
ExHyperV,ExHyperV.Converters,InverseBooleanConverter,ConvertBack,3,1,4
ExHyperV,ExHyperV.Converters,IsolationTypeDisplayConverter,Convert,6,1,4
ExHyperV,ExHyperV.Converters,IsolationTypeDisplayConverter,ConvertBack,0,1,4
ExHyperV,ExHyperV.Converters,NullableToBooleanConverter,Convert,3,1,4
ExHyperV,ExHyperV.Converters,NullableToBooleanConverter,ConvertBack,3,1,4
ExHyperV,ExHyperV.Converters,OsTypeToImageConverter,Convert,4,1,4
ExHyperV,ExHyperV.Converters,OsTypeToImageConverter,ConvertBack,0,1,4
ExHyperV,ExHyperV.Converters,PropSupportedConverter,Convert,0,1,4
ExHyperV,ExHyperV.Converters,PropSupportedConverter,ConvertBack,0,1,4
ExHyperV,ExHyperV.Converters,ScalePointsConverter,Convert,10,3,4
ExHyperV,ExHyperV.Converters,ScalePointsConverter,ConvertBack,0,1,4
ExHyperV,ExHyperV.Converters,StringToVisibilityConverter,Convert,3,1,4
ExHyperV,ExHyperV.Converters,StringToVisibilityConverter,ConvertBack,3,1,4
ExHyperV,ExHyperV.Converters,VlanModeToVisibilityConverter,Convert,10,3,4
ExHyperV,ExHyperV.Converters,VlanModeToVisibilityConverter,ConvertBack,3,1,4
ExHyperV,ExHyperV.Converters,VmNameToIconConverter,Convert,7,2,4
ExHyperV,ExHyperV.Converters,VmNameToIconConverter,ConvertBack,3,1,4
ExHyperV,ExHyperV.Interaction,Dialogs,ShowConfirmAsync,60,6,7
ExHyperV,ExHyperV.Interaction,Dialogs,ForceDangerButtonWhiteForeground,18,1,1
ExHyperV,ExHyperV.Interaction,Dialogs,FindVisualChildren,9,4,1
ExHyperV,ExHyperV.Interaction,Dialogs,ShowAlertAsync,10,2,2
ExHyperV,ExHyperV.Interaction,Dialogs,ShowDialogInternal,42,3,2
ExHyperV,ExHyperV.Interaction,Dialogs,ShowContentDialogAsync,22,3,2
ExHyperV,ExHyperV.Interaction,Dialogs,PickOpenFile,6,3,3
ExHyperV,ExHyperV.Interaction,Dialogs,PickSaveFile,8,5,5
ExHyperV,ExHyperV.Interaction,Dialogs,PickFolder,6,3,2
ExHyperV,ExHyperV.Interaction,Navigation,NavigateTo,4,2,1
ExHyperV,ExHyperV.Interaction,Navigation,OpenConsoleWindow,13,3,2
ExHyperV,ExHyperV.Interaction,Notifications,ShowSnackbar,13,1,4
ExHyperV,ExHyperV.Interaction,Notifications,ShowRestartPrompt,34,1,1
ExHyperV,ExHyperV.Interaction,Notifications,Dispatch,9,1,1
ExHyperV,ExHyperV.Interaction,Notifications,ClearQueue,9,1,1
ExHyperV,ExHyperV.Interaction,Shell,CopyToClipboard,4,1,1
ExHyperV,ExHyperV.Interaction,Shell,Reveal,21,5,1
ExHyperV,ExHyperV.Interaction,Shell,OpenUrl,5,2,1
ExHyperV,ExHyperV.Models,LinuxScriptItem,ToString,0,1,0
ExHyperV,ExHyperV.Models,PartitionInfo,PartitionInfo,6,1,4
ExHyperV,ExHyperV.Models,SpacetimeNode,StartEditing,5,2,0
ExHyperV,ExHyperV.Models,SpacetimeNode,StartEdit,0,1,0
ExHyperV,ExHyperV.Models,VmDiskItem,FormatBytes,12,3,1
ExHyperV,ExHyperV.Models,VmDiskItem,FormatIoSpeed,11,2,1
ExHyperV,ExHyperV.Models,VmImportDiskPreview,FormatBytes,11,2,1
ExHyperV,ExHyperV.Models,VmInstance,VmInstance,1,1,0
ExHyperV,ExHyperV.Models,VmInstance,VmInstance,4,1,2
ExHyperV,ExHyperV.Models,VmMemorySettings,VmMemorySettings,4,1,0
ExHyperV,ExHyperV.Models,VmMemorySettings,ConfigurePageSizeSupport,9,2,1
ExHyperV,ExHyperV.Models,VmMemorySettings,OnSgxEnabledChanged,4,2,1
ExHyperV,ExHyperV.Models,VmMemorySettings,Clone,0,1,0
ExHyperV,ExHyperV.Models,VmMemorySettings,Restore,28,2,1
ExHyperV,ExHyperV.Models,VmMmioSettings,Clone,0,1,0
ExHyperV,ExHyperV.Models,VmMmioSettings,Restore,6,2,1
ExHyperV,ExHyperV.Models,VmNetworkAdapter,FormatRate,9,2,1
ExHyperV,ExHyperV.Properties,Resources,Resources,2,1,0
ExHyperV,ExHyperV.Services,HostAzureFeatureSetService,EnsureDisabledAtRest,14,1,0
ExHyperV,ExHyperV.Services,HostAzureFeatureSetService,RunTemporarilyEnabledAsync,0,1,1
ExHyperV,ExHyperV.Services,HostAzureFeatureSetService,RunTemporarilyDisabledAsync,0,1,1
ExHyperV,ExHyperV.Services,HostAzureFeatureSetService,RunWithTemporaryStateAsync,39,3,2
ExHyperV,ExHyperV.Services,HostDiskService,GetHostDisksAsync,95,14,0
ExHyperV,ExHyperV.Services,HostDiskService,GetHostOpticalDrivesAsync,17,2,0
ExHyperV,ExHyperV.Services,HostDiskService,SetDiskOfflineStatusAsync,13,2,2
ExHyperV,ExHyperV.Services,HostDiskService,SetDiskReadOnlyAsync,13,2,2
ExHyperV,ExHyperV.Services,HostNvmeService,IsNativeNvmeEnabled,12,1,0
ExHyperV,ExHyperV.Services,HostNvmeService,EnableNativeNvme,11,1,0
ExHyperV,ExHyperV.Services,HostNvmeService,DisableNativeNvme,11,1,0
ExHyperV,ExHyperV.Services,HostOpenHclService,IsFirmwareLoadFromFileEnabled,5,1,0
ExHyperV,ExHyperV.Services,HostOpenHclService,SetFirmwareLoadFromFileEnabled,23,3,1
ExHyperV,ExHyperV.Services,HostOpenHclService,GrantFirmwareReadAccess,35,3,1
ExHyperV,ExHyperV.Services,HostPlatformService,GetNativeHostPlatformAsync,26,4,0
ExHyperV,ExHyperV.Services,HostPlatformService,DetectNativeHostPlatformAsync,21,2,0
ExHyperV,ExHyperV.Services,HostPowerPlanService,GetPowerPlans,28,3,0
ExHyperV,ExHyperV.Services,HostPowerPlanService,GetActivePowerPlanId,13,2,0
ExHyperV,ExHyperV.Services,HostPowerPlanService,SetActivePowerPlan,5,2,1
ExHyperV,ExHyperV.Services,HostPowerPlanService,ReadFriendlyName,23,3,1
ExHyperV,ExHyperV.Services,HostPowerPlanService,PowerEnumerate,0,1,7
ExHyperV,ExHyperV.Services,HostPowerPlanService,PowerReadFriendlyName,0,1,6
ExHyperV,ExHyperV.Services,HostPowerPlanService,PowerGetActiveScheme,0,1,2
ExHyperV,ExHyperV.Services,HostPowerPlanService,PowerSetActiveScheme,0,1,2
ExHyperV,ExHyperV.Services,HostPowerPlanService,LocalFree,0,1,1
ExHyperV,ExHyperV.Services,HostVolumeAutoMountService,GetState,15,1,0
ExHyperV,ExHyperV.Services,HostVolumeAutoMountService,SetEnabledAsync,38,5,1
ExHyperV,ExHyperV.Services,HyperVGpuPolicyService,AllowUnsupportedGpuAssignment,12,1,0
ExHyperV,ExHyperV.Services,HyperVGpuPolicyService,ResetGpuAssignmentPolicy,13,2,0
ExHyperV,ExHyperV.Services,HyperVHostService,IsVirtualizationEnabled,16,5,0
ExHyperV,ExHyperV.Services,HyperVHostService,VirtualizationFirmwareEnabled,7,1,0
ExHyperV,ExHyperV.Services,HyperVHostService,VmMonitorModeExtensionsEnabled,7,1,0
ExHyperV,ExHyperV.Services,HyperVHostService,IsHypervisorPresent,11,1,0
ExHyperV,ExHyperV.Services,HyperVHostService,IsIommuEnabled,12,1,0
ExHyperV,ExHyperV.Services,HyperVHostService,GetVmmsStatus,14,2,0
ExHyperV,ExHyperV.Services,HyperVHostService,IsServerSystem,10,1,0
ExHyperV,ExHyperV.Services,HyperVHostService,IsServerSwitchApplicable,27,5,0
ExHyperV,ExHyperV.Services,HyperVHostService,IsHyperVWmiNamespaceAvailable,12,1,0
ExHyperV,ExHyperV.Services,HyperVHostService,IsHypervisorLaunchEnabled,4,1,0
ExHyperV,ExHyperV.Services,HyperVHostService,IsHypervisorActive,5,2,0
ExHyperV,ExHyperV.Services,HyperVHostService,GetHyperVStatusAsync,13,1,0
ExHyperV,ExHyperV.Services,HyperVHostService,GetGpuStrategyEnabled,11,2,0
ExHyperV,ExHyperV.Services,HyperVHostService,DisableHyperVAsync,3,1,0
ExHyperV,ExHyperV.Services,HyperVHostService,EnableHyperVAsync,7,1,0
ExHyperV,ExHyperV.Services,HyperVHostService,SetHypervisorLaunchTypeAsync,0,1,1
ExHyperV,ExHyperV.Services,HyperVHostService,BuildHyperVStatusText,12,6,3
ExHyperV,ExHyperV.Services,HyperVHostSettingsService,GetAsync,13,1,0
ExHyperV,ExHyperV.Services,HyperVHostSettingsService,SetEnhancedSessionModeEnabledAsync,0,1,1
ExHyperV,ExHyperV.Services,HyperVHostSettingsService,SetDefaultVirtualMachinePathAsync,0,1,1
ExHyperV,ExHyperV.Services,HyperVHostSettingsService,SetDefaultVirtualHardDiskPathAsync,0,1,1
ExHyperV,ExHyperV.Services,HyperVHostSettingsService,SetDynamicMacAddressRangeAsync,0,1,2
ExHyperV,ExHyperV.Services,HyperVHostSettingsService,ModifyAsync,0,1,1
ExHyperV,ExHyperV.Services,HyperVNumaService,GetNumaSpanningEnabledAsync,16,2,0
ExHyperV,ExHyperV.Services,HyperVNumaService,SetNumaSpanningEnabledAsync,12,1,1
ExHyperV,ExHyperV.Services,HyperVSchedulerService,GetSchedulerType,7,3,0
ExHyperV,ExHyperV.Services,HyperVSchedulerService,TryGetFromEventLog,29,2,0
ExHyperV,ExHyperV.Services,HyperVSchedulerService,TryGetFromBcdedit,0,1,0
ExHyperV,ExHyperV.Services,HyperVSchedulerService,GetDefaultSchedulerByProductType,8,2,0
ExHyperV,ExHyperV.Services,HyperVSchedulerService,GetOsBuildNumber,10,1,0
ExHyperV,ExHyperV.Services,HyperVSchedulerService,SetSchedulerTypeAsync,0,1,1
ExHyperV,ExHyperV.Services,HyperVSwitchService,GetVmAdaptersOnSwitchAsync,71,3,2
ExHyperV,ExHyperV.Services,HyperVSwitchService,GetHostAdapterOnSwitchAsync,47,7,1
ExHyperV,ExHyperV.Services,HyperVSwitchService,GetNetworkInfoAsync,14,1,0
ExHyperV,ExHyperV.Services,HyperVSwitchService,GetPhysicalAdaptersAsync,23,6,0
ExHyperV,ExHyperV.Services,HyperVSwitchService,GetBridgeableAdaptersAsync,0,1,0
ExHyperV,ExHyperV.Services,HyperVSwitchService,GetSwitchListAsync,17,2,0
ExHyperV,ExHyperV.Services,HyperVSwitchService,ParseSwitchInfoAsync,53,7,1
ExHyperV,ExHyperV.Services,HyperVSwitchService,DeterminePortType,20,6,1
ExHyperV,ExHyperV.Services,HyperVSwitchService,CreateSwitchAsync,51,5,3
ExHyperV,ExHyperV.Services,HyperVSwitchService,CreateSwitchWmiAsync,0,1,5
ExHyperV,ExHyperV.Services,HyperVSwitchService,DeleteSwitchAsync,27,3,1
ExHyperV,ExHyperV.Services,HyperVSwitchService,UpdateSwitchConfigurationAsync,30,4,4
ExHyperV,ExHyperV.Services,HyperVSwitchService,ValidateChangeAsync,25,10,2
ExHyperV,ExHyperV.Services,HyperVSwitchService,CaptureConfigurationAsync,11,3,1
ExHyperV,ExHyperV.Services,HyperVSwitchService,RestoreConfigurationAsync,30,7,2
ExHyperV,ExHyperV.Services,HyperVSwitchService,DestroySwitchPathAsync,5,2,1
ExHyperV,ExHyperV.Services,HyperVSwitchService,InvokePortChangeAsync,5,2,3
ExHyperV,ExHyperV.Services,HyperVSwitchService,DisableIcsIfPresentAsync,7,3,1
ExHyperV,ExHyperV.Services,HyperVSwitchService,SetBridgeModeAsync,77,14,3
ExHyperV,ExHyperV.Services,HyperVSwitchService,SetNatModeAsync,11,3,2
ExHyperV,ExHyperV.Services,HyperVSwitchService,SetIsolatedModeAsync,30,4,2
ExHyperV,ExHyperV.Services,HyperVSwitchService,GetSwitchObjectAsync,9,2,1
ExHyperV,ExHyperV.Services,HyperVSwitchService,GetSwitchSettingPathAsync,8,2,1
ExHyperV,ExHyperV.Services,HyperVSwitchService,GetPortAllocationsAsync,21,4,1
ExHyperV,ExHyperV.Services,HyperVSwitchService,RemoveInternalPortsAsync,12,3,2
ExHyperV,ExHyperV.Services,HyperVSwitchService,HasInternalPortAsync,0,1,1
ExHyperV,ExHyperV.Services,HyperVSwitchService,EnsureInternalModeAsync,46,8,3
ExHyperV,ExHyperV.Services,HyperVSwitchService,GetHostConnectionIdAsync,8,3,1
ExHyperV,ExHyperV.Services,HyperVSwitchService,GetHostComputerSystemPath,8,1,1
ExHyperV,ExHyperV.Services,HyperVSwitchService,GetFullSwitchNetworkStateAsync,32,3,1
ExHyperV,ExHyperV.Services,PCIeService,GetPureId,5,2,1
ExHyperV,ExHyperV.Services,PCIeService,CardKey,5,2,1
ExHyperV,ExHyperV.Services,PCIeService,GetControllerDisksAsync,31,8,1
ExHyperV,ExHyperV.Services,PCIeService,GetPCIeInfoAsync,153,1,0
ExHyperV,ExHyperV.Services,PCIeService,ResolvePciListEntries,95,7,2
ExHyperV,ExHyperV.Services,PCIeService,GetNonPciDescendants,24,7,2
ExHyperV,ExHyperV.Services,PCIeService,IsServerOperatingSystemAsync,0,1,0
ExHyperV,ExHyperV.Services,PCIeService,CheckMmioSpaceAsync,18,2,1
ExHyperV,ExHyperV.Services,PCIeService,UpdateMmioSpaceAsync,5,2,1
ExHyperV,ExHyperV.Services,PCIeService,ExecutePCIeOperationAsync,28,6,5
ExHyperV,ExHyperV.Services,PCIeService,RollbackToHostIfNeededAsync,9,2,4
ExHyperV,ExHyperV.Services,PCIeService,EnsureVmStoppedAsync,21,5,1
ExHyperV,ExHyperV.Services,PCIeService,ExecuteOperationAsync,28,5,2
ExHyperV,ExHyperV.Services,PCIeService,PCIeCommands,185,10,4
ExHyperV,ExHyperV.Services,SystemInfoService,GetSystemInfoAsync,0,1,0
ExHyperV,ExHyperV.Services,SystemInfoService,GetSystemInfo,71,9,0
ExHyperV,ExHyperV.Services,SystemTypeService,ApplySwitch,31,9,1
ExHyperV,ExHyperV.Services,SystemTypeService,GetPendingTarget,17,3,0
ExHyperV,ExHyperV.Services,SystemTypeService,HasPendingTask,0,1,0
ExHyperV,ExHyperV.Services,SystemTypeService,ApplyShutdownEventTracker,17,2,1
ExHyperV,ExHyperV.Services,SystemTypeService,MarkPending,9,1,1
ExHyperV,ExHyperV.Services,SystemTypeService,PatchHiveOffline,23,4,2
ExHyperV,ExHyperV.Services,AppDataPaths,ResolveConfigFilePath,9,1,0
ExHyperV,ExHyperV.Services,IsoBuilderService,SanitizeVolumeLabel,11,6,1
ExHyperV,ExHyperV.Services,IsoBuilderService,BuildUdfIso,22,1,3
ExHyperV,ExHyperV.Services,IsoBuilderService,WriteIStreamToFile,21,3,4
ExHyperV,ExHyperV.Services,SettingsService,SettingsService,3,1,0
ExHyperV,ExHyperV.Services,SettingsService,CheckForUpdateAsync,47,5,1
ExHyperV,ExHyperV.Services,SettingsService,GetLanguage,12,2,0
ExHyperV,ExHyperV.Services,SettingsService,SetLanguageAndRestart,24,3,1
ExHyperV,ExHyperV.Services,SettingsService,RestartApp,9,2,0
ExHyperV,ExHyperV.Services,SettingsService,GetTheme,7,2,0
ExHyperV,ExHyperV.Services,SettingsService,GetSavedThemeCode,12,2,0
ExHyperV,ExHyperV.Services,SettingsService,SaveThemeCode,22,3,1
ExHyperV,ExHyperV.Services,SettingsService,GetPerformanceMode,9,2,0
ExHyperV,ExHyperV.Services,SettingsService,SavePerformanceMode,20,3,1
ExHyperV,ExHyperV.Services,SettingsService,GetDefaultZoom,9,2,0
ExHyperV,ExHyperV.Services,SettingsService,SaveDefaultZoom,19,3,1
ExHyperV,ExHyperV.Services,SettingsService,GetDefaultConnectionMode,9,2,0
ExHyperV,ExHyperV.Services,SettingsService,SaveDefaultConnectionMode,19,3,1
ExHyperV,ExHyperV.Services,SettingsService,GetDefaultConsoleResolution,19,5,0
ExHyperV,ExHyperV.Services,SettingsService,SaveDefaultConsoleResolution,26,5,2
ExHyperV,ExHyperV.Services,SettingsService,GetMmioCeilingMb,10,2,0
ExHyperV,ExHyperV.Services,SettingsService,SaveMmioCeilingMb,19,3,1
ExHyperV,ExHyperV.Services,SettingsService,ApplySavedTheme,15,2,0
ExHyperV,ExHyperV.Services,SettingsService,EnableSystemThemeWatch,4,2,1
ExHyperV,ExHyperV.Services,SettingsService,ApplyTheme,28,6,3
ExHyperV,ExHyperV.Services,SettingsService,ApplyBrandAccent,7,2,1
ExHyperV,ExHyperV.Services,SshCommandErrorException,SshCommandErrorException,1,1,1
ExHyperV,ExHyperV.Services,SshCommandResult,SshCommandResult,4,1,2
ExHyperV,ExHyperV.Services,SshService,CreateConnectionInfo,10,1,2
ExHyperV,ExHyperV.Services,SshService,ExecuteSingleCommandAsync,28,3,4
ExHyperV,ExHyperV.Services,SshService,ExecuteCommandAndCaptureOutputAsync,30,2,4
ExHyperV,ExHyperV.Services,SshService,ReadStreamAsync,14,2,3
ExHyperV,ExHyperV.Services,SshService,UploadFileAsync,15,1,3
ExHyperV,ExHyperV.Services,SshService,UploadDirectoryAsync,21,1,3
ExHyperV,ExHyperV.Services,SshService,UploadDirectoryRecursive,19,4,3
ExHyperV,ExHyperV.Services,SshService,WriteTextFileAsync,12,1,3
ExHyperV,ExHyperV.Services,TaskbarProgressService,Start,10,1,1
ExHyperV,ExHyperV.Services,TaskbarProgressService,Report,11,2,2
ExHyperV,ExHyperV.Services,TaskbarProgressService,Complete,0,1,1
ExHyperV,ExHyperV.Services,TaskbarProgressService,Fail,9,2,1
ExHyperV,ExHyperV.Services,TaskbarProgressService,Finish,11,2,4
ExHyperV,ExHyperV.Services,TaskbarProgressService,ClearAfterDelayAsync,12,2,3
ExHyperV,ExHyperV.Services,TaskbarProgressService,Apply,20,3,3
ExHyperV,ExHyperV.Services,UsbVmbusService,UsbVmbusService,4,1,0
ExHyperV,ExHyperV.Services,UsbVmbusService,Log,0,1,1
ExHyperV,ExHyperV.Services,UsbVmbusService,StopTunnelAsync,11,2,1
ExHyperV,ExHyperV.Services,UsbVmbusService,AutoRecoverTunnel,21,6,2
ExHyperV,ExHyperV.Services,UsbVmbusService,StartTunnelAsync,51,4,3
ExHyperV,ExHyperV.Services,UsbVmbusService,StartNativePump,23,1,5
ExHyperV,ExHyperV.Services,UsbVmbusService,WatchdogLoopAsync,11,4,1
ExHyperV,ExHyperV.Services,UsbVmbusService,EnsureDeviceSharedAsync,0,1,1
ExHyperV,ExHyperV.Services,UsbVmbusService,RunUsbIpCommand,15,2,1
ExHyperV,ExHyperV.Services,UsbVmbusService,GetRunningVMsAsync,13,1,0
ExHyperV,ExHyperV.Services,UsbVmbusService,GetUsbIpDevicesAsync,0,1,0
ExHyperV,ExHyperV.Services,UsbVmbusService,EnsureServiceRegistered,9,1,0
ExHyperV,ExHyperV.Services,UsbVmbusService,IsUsbipdInstalled,16,3,0
ExHyperV,ExHyperV.Services,ArpSnoopService,PktmonAddFilter,0,1,1
ExHyperV,ExHyperV.Services,ArpSnoopService,PktmonRemoveAllFilters,0,1,0
ExHyperV,ExHyperV.Services,ArpSnoopService,CreateFileW,0,1,7
ExHyperV,ExHyperV.Services,ArpSnoopService,DeviceIoControl,0,1,8
ExHyperV,ExHyperV.Services,ArpSnoopService,StartTraceW,0,1,3
ExHyperV,ExHyperV.Services,ArpSnoopService,EnableTraceEx2,0,1,8
ExHyperV,ExHyperV.Services,ArpSnoopService,OpenTraceW,0,1,1
ExHyperV,ExHyperV.Services,ArpSnoopService,ProcessTrace,0,1,4
ExHyperV,ExHyperV.Services,ArpSnoopService,CloseTrace,0,1,1
ExHyperV,ExHyperV.Services,ArpSnoopService,ControlTraceW,0,1,4
ExHyperV,ExHyperV.Services,ArpSnoopService,Start,38,5,0
ExHyperV,ExHyperV.Services,ArpSnoopService,TryGetIp,12,5,2
ExHyperV,ExHyperV.Services,ArpSnoopService,OnRecord,20,5,1
ExHyperV,ExHyperV.Services,ArpSnoopService,NormMac,8,4,1
ExHyperV,ExHyperV.Services,ArpSnoopService,BuildProps,12,1,1
ExHyperV,ExHyperV.Services,ArpSnoopService,Cleanup,26,5,0
ExHyperV,ExHyperV.Services,ArpSnoopService,Dispose,0,1,0
ExHyperV,ExHyperV.Services,CpuAffinityService,GetCpuAffinityAsync,27,6,2
ExHyperV,ExHyperV.Services,CpuAffinityService,SetCpuAffinityAsync,37,6,3
ExHyperV,ExHyperV.Services,CpuAffinityService,TrySetVmmemAffinity,0,1,2
ExHyperV,ExHyperV.Services,CpuAffinityService,FindOrCreateCpuGroupAsync,27,7,1
ExHyperV,ExHyperV.Services,CpuAffinityService,GetCpuGroupDetailsAsync,5,2,1
ExHyperV,ExHyperV.Services,CpuAffinityService,GetAllCpuGroupsAsync,4,1,0
ExHyperV,ExHyperV.Services,CpuAffinityService,GetVmCpuGroupIdAsync,7,1,1
ExHyperV,ExHyperV.Services,CpuMonitorService,CpuMonitorService,3,1,0
ExHyperV,ExHyperV.Services,CpuMonitorService,GetCoreType,4,2,1
ExHyperV,ExHyperV.Services,CpuMonitorService,InitializeCoreTypes,60,12,0
ExHyperV,ExHyperV.Services,CpuMonitorService,GetLogicalProcessorInformationEx,0,1,3
ExHyperV,ExHyperV.Services,CpuMonitorService,CpuMonitorService,4,1,0
ExHyperV,ExHyperV.Services,CpuMonitorService,Dispose,8,2,0
ExHyperV,ExHyperV.Services,CpuMonitorService,MaintainCountersLoop,20,3,1
ExHyperV,ExHyperV.Services,CpuMonitorService,UpdateCounterInstances,51,9,0
ExHyperV,ExHyperV.Services,CpuMonitorService,UpdateVmInfoFromWmiAsync,47,8,1
ExHyperV,ExHyperV.Services,CpuMonitorService,GetCpuUsage,62,10,0
ExHyperV,ExHyperV.Services,GpuDriverPackageResolver,Resolve,92,7,2
ExHyperV,ExHyperV.Services,GpuDriverPackageResolver,SelectExactCompanionPackage,37,5,3
ExHyperV,ExHyperV.Services,GpuDriverPackageResolver,ReadCopyInfNames,19,5,1
ExHyperV,ExHyperV.Services,GpuDriverPackageResolver,ReadInfDirective,11,4,2
ExHyperV,ExHyperV.Services,GpuDriverPackageResolver,StripInfComment,4,1,1
ExHyperV,ExHyperV.Services,GpuDriverPackageResolver,GetPackageDirectory,11,2,1
ExHyperV,ExHyperV.Services,GpuDriverPackageResolver,ResolveVendor,18,5,4
ExHyperV,ExHyperV.Services,GpuDriverPackageResolver,GetSelectedDisplayClassSubKeyName,15,6,2
ExHyperV,ExHyperV.Services,GpuMemoryResolver,ReadBytes,32,6,3
ExHyperV,ExHyperV.Services,GpuMemoryResolver,NormalizeRegistryValue,18,1,1
ExHyperV,ExHyperV.Services,GpuMemoryResolver,NormalizeLegacyRegistryValue,6,2,2
ExHyperV,ExHyperV.Services,ProcessAffinityService,FindVmMemoryProcess,33,3,1
ExHyperV,ExHyperV.Services,ProcessAffinityService,GetVmProcessAffinity,23,4,1
ExHyperV,ExHyperV.Services,ProcessAffinityService,SetVmProcessAffinity,19,4,2
ExHyperV,ExHyperV.Services,VmAdvancedBehaviorService,GetSettingsAsync,17,1,1
ExHyperV,ExHyperV.Services,VmAdvancedBehaviorService,SetSettingAsync,20,1,3
ExHyperV,ExHyperV.Services,VmBatteryService,GetStateAsync,31,8,1
ExHyperV,ExHyperV.Services,VmBatteryService,SetEnabledAsync,54,12,2
ExHyperV,ExHyperV.Services,VmBatteryService,IsInvalidClass,0,1,1
ExHyperV,ExHyperV.Services,VmBatteryService,Unsupported,0,1,1
ExHyperV,ExHyperV.Services,VmBatteryService,ForwardFailure,0,1,1
ExHyperV,ExHyperV.Services,VmBatteryService,ForwardFailure,0,1,1
ExHyperV,ExHyperV.Services,VmBootService,GetBootOrderAsync,65,1,1
ExHyperV,ExHyperV.Services,VmBootService,SetBootOrderAsync,59,1,2
ExHyperV,ExHyperV.Services,VmBootService,SetIsoFirstAsync,11,3,1
ExHyperV,ExHyperV.Services,VmBootService,GetBootNumLockAsync,13,1,1
ExHyperV,ExHyperV.Services,VmBootService,SetBootNumLockAsync,19,1,2
ExHyperV,ExHyperV.Services,VmBootService,CreateGen1,5,1,1
ExHyperV,ExHyperV.Services,VmBootService,GetGen1HardwareSummary,26,3,4
ExHyperV,ExHyperV.Services,VmBootService,ParseGen2BootInfo,62,8,6
ExHyperV,ExHyperV.Services,VmBootService,ResolvePhysicalDiskModel,23,7,2
ExHyperV,ExHyperV.Services,VmBootService,BuildOsDiskModels,15,2,0
ExHyperV,ExHyperV.Services,VmBootService,GetMediaFile,21,8,2
ExHyperV,ExHyperV.Services,VmBootService,GetVmHardware,13,1,1
ExHyperV,ExHyperV.Services,VmBootService,BuildChildrenMap,11,4,1
ExHyperV,ExHyperV.Services,VmBootService,GetParentId,6,2,1
ExHyperV,ExHyperV.Services,VmBootService,NormalizeId,0,1,1
ExHyperV,ExHyperV.Services,VmConsoleService,IsConsoleSupportEnabledAsync,11,3,1
ExHyperV,ExHyperV.Services,VmConsoleService,IsEnhancedSessionAvailableAsync,7,2,1
ExHyperV,ExHyperV.Services,VmConsoleService,SetConsoleSupportAsync,0,1,2
ExHyperV,ExHyperV.Services,VmConsoleService,FindForVm,8,1,4
ExHyperV,ExHyperV.Services,VmConsoleService,FindDefaultTemplate,8,1,3
ExHyperV,ExHyperV.Services,VmCreateService,IsStandardIsolatedVm,0,1,1
ExHyperV,ExHyperV.Services,VmCreateService,GetSupportedVersionsAsync,19,2,0
ExHyperV,ExHyperV.Services,VmCreateService,GetIsolationSupportAsync,42,4,0
ExHyperV,ExHyperV.Services,VmCreateService,GetHostDefaultPathsAsync,15,2,0
ExHyperV,ExHyperV.Services,VmCreateService,CreateVirtualMachineAsync,318,33,1
ExHyperV,ExHyperV.Services,VmCreateService,CleanupOwnedCreationArtifactsAsync,24,7,4
ExHyperV,ExHyperV.Services,VmCreateService,TryDeleteOwnedFileAsync,20,3,1
ExHyperV,ExHyperV.Services,VmCreateService,TryDeleteOwnedDirectoryAsync,20,3,1
ExHyperV,ExHyperV.Services,VmCreateService,EnableTpmAsync,86,1,3
ExHyperV,ExHyperV.Services,VmCreateService,BuildBatchNamesAsync,35,5,3
ExHyperV,ExHyperV.Services,VmCreateService,GetUniqueVmNameAsync,7,2,2
ExHyperV,ExHyperV.Services,VmCreateService,VmNameExistsAsync,7,1,1
ExHyperV,ExHyperV.Services,VmDeleteService,PreviewPurgeAsync,12,1,1
ExHyperV,ExHyperV.Services,VmDeleteService,DeleteVmAsync,69,6,2
ExHyperV,ExHyperV.Services,VmDeleteService,DestroyVmAsync,9,2,1
ExHyperV,ExHyperV.Services,VmDeleteService,PurgeVmAsync,23,6,2
ExHyperV,ExHyperV.Services,VmDeleteService,CollectPurgeTargetsAsync,86,4,1
ExHyperV,ExHyperV.Services,VmDeleteService,DestroyAsync,21,3,1
ExHyperV,ExHyperV.Services,VmDeleteService,RestoreConfigurationPackageAsync,39,10,5
ExHyperV,ExHyperV.Services,VmDeleteService,CopyFileWithRetryAsync,17,2,2
ExHyperV,ExHyperV.Services,VmDeleteService,IsOffOrOrphan,0,1,1
ExHyperV,ExHyperV.Services,VmDeleteService,EnsureOffAsync,14,4,1
ExHyperV,ExHyperV.Services,VmDeleteService,IsFileBackedDiskPath,0,1,1
ExHyperV,ExHyperV.Services,VmDeleteService,NormalizePath,0,1,1
ExHyperV,ExHyperV.Services,VmDeleteService,CollectOwnedConfigArtifacts,34,8,4
ExHyperV,ExHyperV.Services,VmDeleteService,CanDeleteConfigDirectoryAsync,51,11,3
ExHyperV,ExHyperV.Services,VmDeleteService,IsPathWithinOrEqual,9,2,2
ExHyperV,ExHyperV.Services,VmDeleteService,DeleteConfigDirAsync,20,7,2
ExHyperV,ExHyperV.Services,VmDeleteService,GetHostDefaultRootsAsync,18,1,0
ExHyperV,ExHyperV.Services,VmDeleteService,TryDeleteFileAsync,8,3,1
ExHyperV,ExHyperV.Services,VmDeleteService,TryDeleteDirAsync,8,3,1
ExHyperV,ExHyperV.Services,VmEditService,RenameVmAsync,16,1,2
ExHyperV,ExHyperV.Services,VmExportAccessService,EnsureCurrentUserCanModifyTree,36,4,1
ExHyperV,ExHyperV.Services,VmExportPackagingService,CreatePackageAsync,0,1,5
ExHyperV,ExHyperV.Services,VmExportPackagingService,ValidateArchive,77,7,4
ExHyperV,ExHyperV.Services,VmExportPackagingService,CalculatePercentage,5,2,2
ExHyperV,ExHyperV.Services,VmExportPackagingService,ReportStageProgress,7,2,4
ExHyperV,ExHyperV.Services,VmExportPackagingService,TryDelete,11,2,1
ExHyperV,ExHyperV.Services,VmExportPackagingService,TryDeleteDirectory,12,2,1
ExHyperV,ExHyperV.Services,VmExportService,GetVirtualHardDisksAsync,46,5,1
ExHyperV,ExHyperV.Services,VmExportService,GetCheckpointsAsync,26,3,1
ExHyperV,ExHyperV.Services,VmExportService,ExportAsync,0,1,9
ExHyperV,ExHyperV.Services,VmExportService,FindExportDirectory,18,3,2
ExHyperV,ExHyperV.Services,VmExportService,FindCurrentConfigurationFile,11,1,2
ExHyperV,ExHyperV.Services,VmExportService,ExtractInstanceId,8,2,1
ExHyperV,ExHyperV.Services,VmFolderAccessService,EnsureExplorerCanRead,44,4,1
ExHyperV,ExHyperV.Services,VmFolderAccessService,IsDefaultProtectedHyperVPath,9,1,1
ExHyperV,ExHyperV.Services,VmGpuRepairService,ResolveVmcxAsync,23,4,1
ExHyperV,ExHyperV.Services,VmGpuRepairService,GetPartitionableGpuPoolAsync,7,2,0
ExHyperV,ExHyperV.Services,VmGpuRepairService,GpuIdentity,5,2,1
ExHyperV,ExHyperV.Services,VmGpuRepairService,FindStaleGpuPartitionsAsync,33,6,1
ExHyperV,ExHyperV.Services,VmGpuRepairService,RepairAsync,39,4,2
ExHyperV,ExHyperV.Services,VmGpuRepairService,FindHostResourceKey,9,3,2
ExHyperV,ExHyperV.Services,VmGpuService,VmGpuService,3,1,1
ExHyperV,ExHyperV.Services,VmGpuService,PrepareHostEnvironmentAsync,6,1,0
ExHyperV,ExHyperV.Services,VmGpuService,ExecuteCommand,21,1,1
ExHyperV,ExHyperV.Services,VmGpuService,NormalizeDeviceId,8,4,1
ExHyperV,ExHyperV.Services,VmGpuService,GetFreeDriveLetter,11,3,0
ExHyperV,ExHyperV.Services,VmGpuService,GetHostGpusAsync,39,5,0
ExHyperV,ExHyperV.Services,VmGpuService,GetVmGpuAdaptersAsync,4,1,1
ExHyperV,ExHyperV.Services,VmGpuService,TryGetVmGpuAdaptersAsync,56,7,1
ExHyperV,ExHyperV.Services,VmGpuService,WaitForVmToBeResponsiveAsync,22,4,3
ExHyperV,ExHyperV.Services,VmGpuService,CheckVmForGpuAsync,19,3,1
ExHyperV,ExHyperV.Services,VmGpuService,OptimizeVmForGpuAsync,3,1,1
ExHyperV,ExHyperV.Services,VmGpuService,GetAllVmHardDrivesAsync,16,2,1
ExHyperV,ExHyperV.Services,VmGpuService,GetPartitionsFromVmAsync,57,1,1
ExHyperV,ExHyperV.Services,VmGpuService,AssignGpuPartitionAsync,58,9,2
ExHyperV,ExHyperV.Services,VmGpuService,RemoveGpuPartitionAsync,28,3,2
ExHyperV,ExHyperV.Services,VmGpuService,SyncWindowsDriversAsync,11,2,5
ExHyperV,ExHyperV.Services,VmGpuService,InjectWindowsDriversAsync,159,13,6
ExHyperV,ExHyperV.Services,VmGpuService,CopyDriverRepositoryAsync,19,4,3
ExHyperV,ExHyperV.Services,VmGpuService,PromoteRegistryDefinedFiles,54,4,2
ExHyperV,ExHyperV.Services,VmGpuService,PromoteNvidiaFiles,59,1,1
ExHyperV,ExHyperV.Services,VmGpuService,PromoteIntelGpuFiles,36,1,1
ExHyperV,ExHyperV.Services,VmGpuService,PromoteIntelGpuRuntimeRegistry,116,19,2
ExHyperV,ExHyperV.Services,VmGpuService,RewriteDriverStoreRegistryValue,12,1,1
ExHyperV,ExHyperV.Services,VmGpuService,GetOfflineControlSetNames,11,3,1
ExHyperV,ExHyperV.Services,VmGpuService,GetOfflineCurrentControlSetName,6,1,1
ExHyperV,ExHyperV.Services,VmGpuService,IsCompatibleIntelRuntimeTarget,22,3,1
ExHyperV,ExHyperV.Services,VmGpuService,FindOfflineHyperVVideoClassSubKeyName,34,5,2
ExHyperV,ExHyperV.Services,VmGpuService,PromoteAmdGpuFiles,94,1,2
ExHyperV,ExHyperV.Services,VmGpuService,PromoteQualcommGpuFiles,30,1,1
ExHyperV,ExHyperV.Services,VmGpuService,ProcessPromotionRegistryKey,32,6,5
ExHyperV,ExHyperV.Services,VmGpuService,LinkSingleFile,178,16,7
ExHyperV,ExHyperV.Services,VmGpuService,ResolveGuestPromotionTarget,22,5,2
ExHyperV,ExHyperV.Services,VmGpuService,FindDriverSourceFiles,53,7,4
ExHyperV,ExHyperV.Services,VmGpuService,IsSourceNewerThanDestination,46,9,4
ExHyperV,ExHyperV.Services,VmGpuService,CompareFileVersions,10,3,2
ExHyperV,ExHyperV.Services,VmGpuService,SetFolderReadOnly,12,3,1
ExHyperV,ExHyperV.Services,VmGpuService,RemoveReadOnlyAttribute,12,3,1
ExHyperV,ExHyperV.Services,VmGpuService,PatchNvidiaServiceRegistry,107,12,2
ExHyperV,ExHyperV.Services,VmGpuService,CopyVendorProgramFoldersAsync,42,4,3
ExHyperV,ExHyperV.Services,VmGpuService,UploadLocalFilesAsync,12,3,2
ExHyperV,ExHyperV.Services,VmGpuService,GetAvailableScriptsAsync,29,3,0
ExHyperV,ExHyperV.Services,VmGpuService,ProvisionLinuxGpuAsync,83,1,7
ExHyperV,ExHyperV.Services,VmImportSession,VmImportSession,1,1,0
ExHyperV,ExHyperV.Services,VmImportSession,DisposeAsync,8,3,0
ExHyperV,ExHyperV.Services,VmImportBatchSession,VmImportBatchSession,1,1,0
ExHyperV,ExHyperV.Services,VmImportBatchSession,DisposeAsync,6,2,0
ExHyperV,ExHyperV.Services,VmImportService,PreparePreviewsAsync,63,5,4
ExHyperV,ExHyperV.Services,VmImportService,PrepareSessionAsync,66,6,7
ExHyperV,ExHyperV.Services,VmImportService,ImportAsync,100,13,3
ExHyperV,ExHyperV.Services,VmImportService,PrepareBatchImportAsync,13,2,2
ExHyperV,ExHyperV.Services,VmImportService,PrepareFolderLayouts,18,3,1
ExHyperV,ExHyperV.Services,VmImportService,PrepareZipLayoutsAsync,54,4,2
ExHyperV,ExHyperV.Services,VmImportService,AddBatchTargetConflicts,12,4,2
ExHyperV,ExHyperV.Services,VmImportService,ReadVmcxPreviewAsync,80,1,2
ExHyperV,ExHyperV.Services,VmImportService,PopulateDiskPreviewsAsync,78,7,3
ExHyperV,ExHyperV.Services,VmImportService,ReadArchiveDiskMetadataAsync,19,2,2
ExHyperV,ExHyperV.Services,VmImportService,CreateMissingDiskPreview,0,1,1
ExHyperV,ExHyperV.Services,VmImportService,CreatePlannedSystemAsync,39,7,2
ExHyperV,ExHyperV.Services,VmImportService,ImportSnapshotDefinitionsAsync,22,3,2
ExHyperV,ExHyperV.Services,VmImportService,DisconnectUnavailableNetworksAsync,33,5,2
ExHyperV,ExHyperV.Services,VmImportService,MovePlannedDataRootsAsync,27,4,3
ExHyperV,ExHyperV.Services,VmImportService,CopyAndRelinkDisksAsync,86,16,5
ExHyperV,ExHyperV.Services,VmImportService,RelinkPlannedDisksToSourceAsync,28,5,2
ExHyperV,ExHyperV.Services,VmImportService,ReadAllPlannedDiskAllocations,29,4,1
ExHyperV,ExHyperV.Services,VmImportService,AddDiskChainAsync,16,4,5
ExHyperV,ExHyperV.Services,VmImportService,SetParentAsync,14,2,3
ExHyperV,ExHyperV.Services,VmImportService,ValidateAsync,0,1,2
ExHyperV,ExHyperV.Services,VmImportService,DestroyPlannedSystemAsync,11,1,1
ExHyperV,ExHyperV.Services,VmImportService,ExtractArchiveToTargetStagingAsync,96,7,3
ExHyperV,ExHyperV.Services,VmImportService,CommitZipStaging,41,4,2
ExHyperV,ExHyperV.Services,VmImportService,PrepareTargetForDirectoryMove,5,2,1
ExHyperV,ExHyperV.Services,VmImportService,IsArchiveEntryForSession,5,1,2
ExHyperV,ExHyperV.Services,VmImportService,GetSessionArchiveRelativePath,10,3,2
ExHyperV,ExHyperV.Services,VmImportService,IsVirtualDiskEntry,0,1,1
ExHyperV,ExHyperV.Services,VmImportService,EnsureZipTargetSpace,39,5,4
ExHyperV,ExHyperV.Services,VmImportService,MovePathRoot,7,3,5
ExHyperV,ExHyperV.Services,VmImportService,ValidateArchiveEntries,13,4,1
ExHyperV,ExHyperV.Services,VmImportService,ExtractEntryAsync,13,1,3
ExHyperV,ExHyperV.Services,VmImportService,CopyArchiveEntryWithValidationAsync,17,4,5
ExHyperV,ExHyperV.Services,VmImportService,CreateZipEntryValidationException,0,1,1
ExHyperV,ExHyperV.Services,VmImportService,ReadLocalVhdMetadataAsync,0,1,2
ExHyperV,ExHyperV.Services,VmImportService,ReadVhdMetadataFromFactoryAsync,9,3,4
ExHyperV,ExHyperV.Services,VmImportService,ReadVhdxMetadataAsync,56,14,3
ExHyperV,ExHyperV.Services,VmImportService,ParseVhdxParentLocator,21,7,1
ExHyperV,ExHyperV.Services,VmImportService,ReadVhdMetadataAsync,30,7,3
ExHyperV,ExHyperV.Services,VmImportService,ReadRangeAsync,24,6,4
ExHyperV,ExHyperV.Services,VmImportService,GetUsedVmGuidsAsync,16,7,0
ExHyperV,ExHyperV.Services,VmImportService,GetAvailableSwitchIdsAsync,10,2,1
ExHyperV,ExHyperV.Services,VmImportService,TryFindArchiveDiskEntry,63,12,4
ExHyperV,ExHyperV.Services,VmImportService,ResolveSourceDiskPath,25,8,2
ExHyperV,ExHyperV.Services,VmImportService,ResolveParentDiskPath,9,4,3
ExHyperV,ExHyperV.Services,VmImportService,FindUniqueSourceFile,12,2,2
ExHyperV,ExHyperV.Services,VmImportService,IsMainConfigurationPath,0,1,1
ExHyperV,ExHyperV.Services,VmImportService,IsMainConfigurationEntry,5,1,1
ExHyperV,ExHyperV.Services,VmImportService,TryReadGuidFromConfigurationName,0,1,1
ExHyperV,ExHyperV.Services,VmImportService,NormalizeEntryName,0,1,1
ExHyperV,ExHyperV.Services,VmImportService,SafeDestination,8,2,2
ExHyperV,ExHyperV.Services,VmImportService,ExtractNameKey,4,1,1
ExHyperV,ExHyperV.Services,VmImportService,IsWithin,5,1,2
ExHyperV,ExHyperV.Services,VmImportService,TrimVirtualHardDiskDirectory,5,1,1
ExHyperV,ExHyperV.Services,VmImportService,SanitizeFileName,4,1,1
ExHyperV,ExHyperV.Services,VmImportService,EnsureTargetAbsent,4,2,1
ExHyperV,ExHyperV.Services,VmImportService,TargetHasConflict,14,3,1
ExHyperV,ExHyperV.Services,VmImportService,CleanupCreatedPathsAsync,24,5,1
ExHyperV,ExHyperV.Services,VmImportService,CleanupFailedImportAsync,12,3,2
ExHyperV,ExHyperV.Services,VmImportService,TryDeleteImportStaging,23,3,1
ExHyperV,ExHyperV.Services,VmImportService,TryDeleteTemporaryRoot,7,2,1
ExHyperV,ExHyperV.Services,ZipCrc32,Append,6,2,1
ExHyperV,ExHyperV.Services,ZipCrc32,CreateTable,13,3,0
ExHyperV,ExHyperV.Services,VmInputService,SendCtrlAltDelAsync,7,1,1
ExHyperV,ExHyperV.Services,VmIpService,Lookup,37,6,2
ExHyperV,ExHyperV.Services,VmIpService,FromArpCache,12,3,1
ExHyperV,ExHyperV.Services,VmMemoryService,GetVmMemorySettingsAsync,51,2,1
ExHyperV,ExHyperV.Services,VmMemoryService,SetVmMemorySettingsAsync,42,6,4
ExHyperV,ExHyperV.Services,VmMemoryService,SetVirtualNumaEnabledAsync,0,1,2
ExHyperV,ExHyperV.Services,VmMemoryService,ApplyMemorySettingsToWmiObject,98,15,3
ExHyperV,ExHyperV.Services,VmMemoryService,ApplySingleMemorySettingToWmiObject,111,23,3
ExHyperV,ExHyperV.Services,VmMmioService,GetSettingsAsync,11,1,1
ExHyperV,ExHyperV.Services,VmMmioService,SetSettingAsync,21,1,3
ExHyperV,ExHyperV.Services,VmMmioService,ConfigureMmioAsync,27,2,1
ExHyperV,ExHyperV.Services,VmMmioService,ComputeMmioPlan,4,2,0
ExHyperV,ExHyperV.Services,VmMmioService,ComputeMmioPlan,6,1,1
ExHyperV,ExHyperV.Services,VmMmioService,EnsureCeilingAsync,27,5,1
ExHyperV,ExHyperV.Services,VmMmioService,QueryHostMmioCeilingMbAsync,24,5,1
ExHyperV,ExHyperV.Services,VmMmioService,StopVmAsync,7,1,1
ExHyperV,ExHyperV.Services,VmMmioService,RealizedSettingsWql,0,1,1
ExHyperV,ExHyperV.Services,VmMmioService,ComputerSystemWql,0,1,1
ExHyperV,ExHyperV.Services,VmNetworkService,GetNetworkAdaptersAsync,0,1,1
ExHyperV,ExHyperV.Services,VmNetworkService,GetAvailableSwitchesAsync,9,1,0
ExHyperV,ExHyperV.Services,VmNetworkService,FillDynamicIpsAsync,20,5,2
ExHyperV,ExHyperV.Services,VmNetworkService,GetVmIpAddressAsync,3,1,2
ExHyperV,ExHyperV.Services,VmNetworkService,AddNetworkAdapterAsync,0,1,1
ExHyperV,ExHyperV.Services,VmNetworkService,RemoveNetworkAdapterAsync,15,2,2
ExHyperV,ExHyperV.Services,VmNetworkService,UpdateConnectionAsync,28,2,2
ExHyperV,ExHyperV.Services,VmNetworkService,SetMacAddressAsync,20,2,3
ExHyperV,ExHyperV.Services,VmNetworkService,ApplyVlanSettingsAsync,56,5,2
ExHyperV,ExHyperV.Services,VmNetworkService,ApplyBandwidthSettingsAsync,0,1,2
ExHyperV,ExHyperV.Services,VmNetworkService,ApplySecuritySettingsAsync,0,1,2
ExHyperV,ExHyperV.Services,VmNetworkService,ApplyOffloadSettingsAsync,0,1,2
ExHyperV,ExHyperV.Services,VmNetworkService,PortSettingClass,0,1,1
ExHyperV,ExHyperV.Services,VmNetworkService,EnsureAndModifyFeatureAsync,50,2,3
ExHyperV,ExHyperV.Services,VmNetworkService,ParseFeatureSettings,35,6,2
ExHyperV,ExHyperV.Services,VmNetworkService,GetSwitchNameByGuidAsync,7,2,1
ExHyperV,ExHyperV.Services,VmNetworkService,GetSwitchPathByName,7,1,1
ExHyperV,ExHyperV.Services,VmNetworkService,GetDefaultFeatureTemplate,7,1,1
ExHyperV,ExHyperV.Services,VmPcieService,GetSettingsAsync,105,7,1
ExHyperV,ExHyperV.Services,VmPcieService,SetSystemSettingsAsync,26,1,3
ExHyperV,ExHyperV.Services,VmPcieService,SetDeviceModeAsync,17,1,2
ExHyperV,ExHyperV.Services,VmPcieService,SetBootPciExpressAsync,11,1,2
ExHyperV,ExHyperV.Services,VmPcieService,GetVssdInstanceIdAsync,0,1,1
ExHyperV,ExHyperV.Services,VmPcieService,ExtractPhysicalDeviceId,10,1,1
ExHyperV,ExHyperV.Services,VmPcieService,NormalizePhysicalDeviceId,5,2,1
ExHyperV,ExHyperV.Services,VmPowerService,ExecuteControlActionAsync,34,7,2
ExHyperV,ExHyperV.Services,VmPowerService,ForceTurnOffAsync,51,7,2
ExHyperV,ExHyperV.Services,VmPowerService,WaitForPoweredOffAsync,11,3,2
ExHyperV,ExHyperV.Services,VmPowerService,GetRuntimeStateAsync,14,2,2
ExHyperV,ExHyperV.Services,VmPowerService,ObserveFault,7,1,1
ExHyperV,ExHyperV.Services,VmProcessorService,GetVmProcessorAsync,17,1,1
ExHyperV,ExHyperV.Services,VmProcessorService,SetVmProcessorAsync,121,3,2
ExHyperV,ExHyperV.Services,VmProcessorService,MapProcessor,0,1,1
ExHyperV,ExHyperV.Services,VmProcessorService,Nz,0,1,1
ExHyperV,ExHyperV.Services,VmProcessorService,SetIfChanged,3,2,4
ExHyperV,ExHyperV.Services,VmProcessorService,SetUnsettableUIntIfChanged,4,2,4
ExHyperV,ExHyperV.Services,VmProcessorService,PBool,0,1,2
ExHyperV,ExHyperV.Services,VmProcessorService,PByte,0,1,2
ExHyperV,ExHyperV.Services,VmProcessorService,PUInt,0,1,2
ExHyperV,ExHyperV.Services,VmProcessorService,PULong,0,1,2
ExHyperV,ExHyperV.Services,VmProcessorService,PStr,0,1,2
ExHyperV,ExHyperV.Services,VmProcessorService,ConvertHwThreadsToSmtMode,0,1,1
ExHyperV,ExHyperV.Services,VmProcessorService,ConvertSmtModeToHwThreads,0,1,1
ExHyperV,ExHyperV.Services,VmQueryService,GetVmListAsync,281,35,0
ExHyperV,ExHyperV.Services,VmQueryService,UpdateDiskPerformanceAsync,34,7,1
ExHyperV,ExHyperV.Services,VmQueryService,GetGpuPerformanceAsync,61,15,1
ExHyperV,ExHyperV.Services,VmQueryService,UpdateNetworkPerformanceAsync,43,6,1
ExHyperV,ExHyperV.Services,VmQueryService,FindNetworkCounterInstance,11,2,2
ExHyperV,ExHyperV.Services,VmQueryService,RebuildNetworkCounters,16,3,1
ExHyperV,ExHyperV.Services,VmQueryService,Dispose,6,3,0
ExHyperV,ExHyperV.Services,VmQueryService,GetVmRuntimeMemoryDataAsync,17,1,0
ExHyperV,ExHyperV.Services,VmQueryService,SetVmNotesAsync,15,1,2
ExHyperV,ExHyperV.Services,VmQueryService,SetVmOsTypeAsync,22,2,2
ExHyperV,ExHyperV.Services,VmQueryService,GetVmStateAsync,6,1,1
ExHyperV,ExHyperV.Services,VmQueryService,IsVmPoweredOffAsync,7,1,1
ExHyperV,ExHyperV.Services,VmQueryService,GetVmConfigRootAsync,7,1,1
ExHyperV,ExHyperV.Services,VmQueryService,GetDiskSizes,34,9,1
ExHyperV,ExHyperV.Services,VmQueryService,GetHostVideoControllerMapAsync,15,4,0
ExHyperV,ExHyperV.Services,VmQueryService,RefreshVmPidCache,28,4,1
ExHyperV,ExHyperV.Services,VmQueryService,RebuildGpuCounters,25,5,0
ExHyperV,ExHyperV.Services,VmQueryService,ExtractPciId,0,1,1
ExHyperV,ExHyperV.Services,VmQueryService,ExtractFirstGuid,0,1,1
ExHyperV,ExHyperV.Services,VmQueryService,FormatMac,0,1,1
ExHyperV,ExHyperV.Services,NetworkCounterSet,NetworkCounterSet,5,1,2
ExHyperV,ExHyperV.Services,NetworkCounterSet,Dispose,4,1,0
ExHyperV,ExHyperV.Services,VmScreenshotService,CaptureAsync,39,2,3
ExHyperV,ExHyperV.Services,VmScreenshotService,FitToGuestAspect,27,5,3
ExHyperV,ExHyperV.Services,VmScreenshotService,CreateBitmapFromRgb565,11,2,3
ExHyperV,ExHyperV.Services,VmSecurityService,GetSecuritySettingsAsync,23,3,1
ExHyperV,ExHyperV.Services,VmSecurityService,GetSecureBootTemplatesAsync,19,4,0
ExHyperV,ExHyperV.Services,VmSecurityService,SetSecureBootAsync,0,1,2
ExHyperV,ExHyperV.Services,VmSecurityService,SetSecureBootTemplateAsync,0,1,2
ExHyperV,ExHyperV.Services,VmSecurityService,SetEncryptionAsync,5,2,2
ExHyperV,ExHyperV.Services,VmSecurityService,SetShieldingAsync,10,4,2
ExHyperV,ExHyperV.Services,VmSecurityService,SetTpmAsync,7,3,2
ExHyperV,ExHyperV.Services,VmSecurityService,EnsureVtpmEnabledAsync,6,2,1
ExHyperV,ExHyperV.Services,VmSecurityService,SystemSettingWql,0,1,1
ExHyperV,ExHyperV.Services,VmSecurityService,Wrap,0,1,1
ExHyperV,ExHyperV.Services,VmSecurityService,ModifySecurityFlagAsync,0,1,2
ExHyperV,ExHyperV.Services,VmSecurityService,GetVmGuidAsync,7,1,1
ExHyperV,ExHyperV.Services,VmSecurityService,GetKeyProtectorLenAsync,0,1,1
ExHyperV,ExHyperV.Services,VmSecurityService,EnableTpmAsync,0,1,1
ExHyperV,ExHyperV.Services,VmSpacetimeService,GetSafeId,0,1,1
ExHyperV,ExHyperV.Services,VmSpacetimeService,GetSpacetimeNodesAsync,121,17,1
ExHyperV,ExHyperV.Services,VmSpacetimeService,DetectAndMarkWormholeAsync,35,4,2
ExHyperV,ExHyperV.Services,VmSpacetimeService,OpenWormholeAsync,97,16,2
ExHyperV,ExHyperV.Services,VmSpacetimeService,CloseWormholeAsync,25,5,2
ExHyperV,ExHyperV.Services,VmSpacetimeService,RenameSnapshotAsync,23,2,2
ExHyperV,ExHyperV.Services,VmSpacetimeService,TeleportAsync,51,7,2
ExHyperV,ExHyperV.Services,VmSpacetimeService,CaptureMomentAsync,80,8,3
ExHyperV,ExHyperV.Services,VmSpacetimeService,AnnihilateAsync,14,4,2
ExHyperV,ExHyperV.Services,VmSpacetimeService,ConvergeAsync,15,4,2
ExHyperV,ExHyperV.Services,VmSpacetimeService,GetCheckpointsEnabledAsync,18,2,1
ExHyperV,ExHyperV.Services,VmSpacetimeService,SetCheckpointsEnabledAsync,23,2,2
ExHyperV,ExHyperV.Services,VmSpacetimeService,GetVmScsiDiskPathsAsync,7,1,1
ExHyperV,ExHyperV.Services,VmSpacetimeService,GetDiskSlotInfoAsync,37,5,2
ExHyperV,ExHyperV.Services,VmSpacetimeService,AddVmHardDiskDriveAsync,8,1,5
ExHyperV,ExHyperV.Services,VmSpacetimeService,RemoveVmHardDiskDriveAsync,15,1,4
ExHyperV,ExHyperV.Services,VmSpacetimeService,FindFreeScsiSlotAsync,32,5,1
ExHyperV,ExHyperV.Services,VmSpacetimeService,CheckAnyWormholeExistsAsync,12,2,1
ExHyperV,ExHyperV.Services,VmSpacetimeService,IsNodeInCurrentChainAsync,24,6,2
ExHyperV,ExHyperV.Services,VmSpacetimeService,CreateDifferencingDiskAsync,33,1,2
ExHyperV,ExHyperV.Services,VmSpacetimeService,GetVhdParentPathAsync,25,1,1
ExHyperV,ExHyperV.Services,VmSpacetimeService,TraceToGenesisPath,32,7,1
ExHyperV,ExHyperV.Services,VmSpacetimeService,GetSnapshotDirectoryAsync,18,2,1
ExHyperV,ExHyperV.Services,VmSpacetimeService,GetSnapshotDirectoryByGuidAsync,11,1,1
ExHyperV,ExHyperV.Services,VmSpacetimeService,DeleteThumbnailFile,17,2,2
ExHyperV,ExHyperV.Services,VmSpacetimeService,CreateInitialSpacetimeAsync,10,2,2
ExHyperV,ExHyperV.Services,VmSpacetimeService,LoadThumbnailFromDisk,15,2,2
ExHyperV,ExHyperV.Services,VmSpacetimeService,SaveThumbnailToDisk,15,2,3
ExHyperV,ExHyperV.Services,VmSpacetimeService,ExtractInstanceId,5,2,1
ExHyperV,ExHyperV.Services,VmStorageService,LoadVmStorageItemsAsync,50,4,1
ExHyperV,ExHyperV.Services,VmStorageService,FindStalePassthroughDisksAsync,27,4,1
ExHyperV,ExHyperV.Services,VmStorageService,BuildStorageItems,143,22,3
ExHyperV,ExHyperV.Services,VmStorageService,BuildDiskMaps,38,3,0
ExHyperV,ExHyperV.Services,VmStorageService,CompactDiskAsync,11,1,1
ExHyperV,ExHyperV.Services,VmStorageService,RefreshVirtualDiskSizesAsync,30,2,1
ExHyperV,ExHyperV.Services,VmStorageService,AddDriveAsync,298,32,18
ExHyperV,ExHyperV.Services,VmStorageService,RollbackAddAsync,49,6,7
ExHyperV,ExHyperV.Services,VmStorageService,CreateVhdAsync,58,6,6
ExHyperV,ExHyperV.Services,VmStorageService,RemoveDriveAsync,90,13,2
ExHyperV,ExHyperV.Services,VmStorageService,ModifyDvdDrivePathAsync,5,1,5
ExHyperV,ExHyperV.Services,VmStorageService,ModifyHardDrivePathAsync,5,1,5
ExHyperV,ExHyperV.Services,VmStorageService,ModifyMediaPathAsync,126,11,6
ExHyperV,ExHyperV.Services,VmStorageService,CreateIsoFromDirectoryAsync,23,3,3
ExHyperV,ExHyperV.Services,VmStorageService,MountDiskImageAsync,23,3,1
ExHyperV,ExHyperV.Services,VmStorageService,DismountDiskImageAsync,12,2,1
ExHyperV,ExHyperV.Services,VmStorageService,MountVhdxAsync,25,4,1
ExHyperV,ExHyperV.Services,VmStorageService,DismountVhdxAsync,23,4,1
ExHyperV,ExHyperV.Services,VmStorageService,AssignPartitionDriveLetterAsync,14,2,3
ExHyperV,ExHyperV.Services,VmStorageService,RemovePartitionAccessPathAsync,13,2,3
ExHyperV,ExHyperV.Services,VmStorageService,RemoveAllPartitionAccessPathsAsync,17,4,1
ExHyperV,ExHyperV.Services,VmStorageService,DetachPhysicalDiskAsync,53,11,2
ExHyperV,ExHyperV.Services,VmVideoService,GetResolutionAsync,14,3,1
ExHyperV,ExHyperV.Services,VmVideoService,SetResolutionAsync,26,4,4
ExHyperV,ExHyperV.Tools,ApiResponse<T>,Ok,0,1,1
ExHyperV,ExHyperV.Tools,ApiResponse<T>,Empty,0,1,0
ExHyperV,ExHyperV.Tools,ApiResponse<T>,Fail,14,1,4
ExHyperV,ExHyperV.Tools,ApiResponse<T>,ToString,0,1,0
ExHyperV,ExHyperV.Tools,ApiResponse,Ok,0,1,0
ExHyperV,ExHyperV.Tools,ApiResponse,Fail,13,1,4
ExHyperV,ExHyperV.Tools,ApiResponse,ToString,0,1,0
ExHyperV,ExHyperV.Tools,ComApi,EnableIcsSharingForConnectionsAsync,0,1,2
ExHyperV,ExHyperV.Tools,ComApi,GetConnectionsAsync,0,1,0
ExHyperV,ExHyperV.Tools,ComApi,RestoreConnectionsAsync,0,1,1
ExHyperV,ExHyperV.Tools,ComApi,IsMobileHotspotActiveAsync,0,1,0
ExHyperV,ExHyperV.Tools,ComApi,RunOnSta,0,1,1
ExHyperV,ExHyperV.Tools,ComApi,RunOnSta,4,1,1
ExHyperV,ExHyperV.Tools,MobileHotspotInterop,ReadActive,33,4,0
ExHyperV,ExHyperV.Tools,MobileHotspotInterop,Slot,0,1,2
ExHyperV,ExHyperV.Tools,MobileHotspotInterop,Release,1,2,1
ExHyperV,ExHyperV.Tools,MobileHotspotInterop,Activate,9,1,2
ExHyperV,ExHyperV.Tools,MobileHotspotInterop,RoInitialize,0,1,1
ExHyperV,ExHyperV.Tools,MobileHotspotInterop,RoUninitialize,0,1,0
ExHyperV,ExHyperV.Tools,MobileHotspotInterop,WindowsCreateString,0,1,3
ExHyperV,ExHyperV.Tools,MobileHotspotInterop,WindowsDeleteString,0,1,1
ExHyperV,ExHyperV.Tools,MobileHotspotInterop,RoGetActivationFactory,0,1,3
ExHyperV,ExHyperV.Tools,IcsCore,Enable,11,1,2
ExHyperV,ExHyperV.Tools,IcsCore,EnableOnManager,74,15,3
ExHyperV,ExHyperV.Tools,IcsCore,GetConnections,17,2,0
ExHyperV,ExHyperV.Tools,IcsCore,CreateNetShare,6,1,0
ExHyperV,ExHyperV.Tools,IcsException,IcsException,1,2,2
ExHyperV,ExHyperV.Tools,IcsTargetNotFoundException,IcsTargetNotFoundException,1,1,1
ExHyperV,ExHyperV.Tools,DismApi,EnableFeatureAsync,5,1,2
ExHyperV,ExHyperV.Tools,DismApi,DisableFeatureAsync,5,1,2
ExHyperV,ExHyperV.Tools,DismApi,EnableFeature,30,3,2
ExHyperV,ExHyperV.Tools,DismApi,DisableFeature,29,3,2
ExHyperV,ExHyperV.Tools,DismNativeMethods,DismInitialize,0,1,3
ExHyperV,ExHyperV.Tools,DismNativeMethods,DismOpenSession,0,1,4
ExHyperV,ExHyperV.Tools,DismNativeMethods,DismEnableFeature,0,1,11
ExHyperV,ExHyperV.Tools,DismNativeMethods,DismDisableFeature,0,1,7
ExHyperV,ExHyperV.Tools,DismNativeMethods,DismCloseSession,0,1,1
ExHyperV,ExHyperV.Tools,DismNativeMethods,DismShutdown,0,1,0
ExHyperV,ExHyperV.Tools,HcsApi,GetAllCpuGroupsAsync,25,1,0
ExHyperV,ExHyperV.Tools,HcsApi,CreateCpuGroupAsync,30,1,2
ExHyperV,ExHyperV.Tools,HcsApi,DeleteCpuGroupAsync,27,1,1
ExHyperV,ExHyperV.Tools,HcsApi,SetCpuGroupCapAsync,29,1,2
ExHyperV,ExHyperV.Tools,HcsCore,HcsModifyServiceSettings,0,1,2
ExHyperV,ExHyperV.Tools,HcsCore,HcsGetServiceProperties,0,1,3
ExHyperV,ExHyperV.Tools,HcsCore,CoInitializeEx,0,1,2
ExHyperV,ExHyperV.Tools,HcsCore,CoUninitialize,0,1,0
ExHyperV,ExHyperV.Tools,HcsCore,CoTaskMemFree,0,1,1
ExHyperV,ExHyperV.Tools,HcsCore,Invoke,24,2,1
ExHyperV,ExHyperV.Tools,HcsCore,Query,28,2,1
ExHyperV,ExHyperV.Tools,HcsException,HcsException,3,1,2
ExHyperV,ExHyperV.Tools,VmbusApi,VmbusApi,7,1,0
ExHyperV,ExHyperV.Tools,VmbusApi,CreateVmbusSocket,11,2,0
ExHyperV,ExHyperV.Tools,VmbusApi,WrapHandle,0,1,1
ExHyperV,ExHyperV.Tools,VmbusApi,CloseSocket,0,1,1
ExHyperV,ExHyperV.Tools,VmbusApi,SetAckFrequency,15,1,2
ExHyperV,ExHyperV.Tools,VmbusApi,SetNoDelay,9,1,1
ExHyperV,ExHyperV.Tools,VmbusApi,SetSendBuffer,8,1,2
ExHyperV,ExHyperV.Tools,VmbusApi,SetReceiveBuffer,8,1,2
ExHyperV,ExHyperV.Tools,VmbusApi,Recv,0,1,3
ExHyperV,ExHyperV.Tools,VmbusApi,Send,0,1,3
ExHyperV,ExHyperV.Tools,VmbusNative,socket,0,1,3
ExHyperV,ExHyperV.Tools,VmbusNative,recv,0,1,4
ExHyperV,ExHyperV.Tools,VmbusNative,send,0,1,4
ExHyperV,ExHyperV.Tools,VmbusNative,closesocket,0,1,1
ExHyperV,ExHyperV.Tools,VmbusNative,setsockopt,0,1,5
ExHyperV,ExHyperV.Tools,VmbusNative,WSAIoctl,0,1,9
ExHyperV,ExHyperV.Tools,Win32Api,GetInfDriverStoreLocation,32,4,1
ExHyperV,ExHyperV.Tools,Win32Api,EnablePnpDevice,0,1,1
ExHyperV,ExHyperV.Tools,Win32Api,DisablePnpDevice,0,1,1
ExHyperV,ExHyperV.Tools,Win32Api,SetPnpDeviceState,24,5,2
ExHyperV,ExHyperV.Tools,Win32Api,GetDeviceParent,6,3,1
ExHyperV,ExHyperV.Tools,Win32Api,GetAllDevices,107,3,0
ExHyperV,ExHyperV.Tools,Win32Api,GetPresentDisplayAdapters,19,6,0
ExHyperV,ExHyperV.Tools,Win32Api,GetDeviceIdList,12,5,1
ExHyperV,ExHyperV.Tools,Win32Api,GetDevNodeStringProperty,11,4,4
ExHyperV,ExHyperV.Tools,Win32Api,GetDevNodeStringListProperty,11,4,4
ExHyperV,ExHyperV.Tools,Win32Api,ParseMultiString,14,4,1
ExHyperV,ExHyperV.Tools,Win32Api,EnablePrivilege,35,5,1
ExHyperV,ExHyperV.Tools,Win32Api,LoadHive,4,1,2
ExHyperV,ExHyperV.Tools,Win32Api,UnloadHive,4,1,1
ExHyperV,ExHyperV.Tools,Win32Api,SaveHive,11,3,2
ExHyperV,ExHyperV.Tools,Win32Api,ReplaceHive,4,1,3
ExHyperV,ExHyperV.Tools,Win32Api,SetHiveStringValue,13,3,3
ExHyperV,ExHyperV.Tools,Win32Api,GetHiveDwordValue,11,2,2
ExHyperV,ExHyperV.Tools,Win32Api,CloseHandle,0,1,1
ExHyperV,ExHyperV.Tools,NativeMethods,SetupDiGetClassDevs,0,1,4
ExHyperV,ExHyperV.Tools,NativeMethods,SetupDiEnumDeviceInfo,0,1,3
ExHyperV,ExHyperV.Tools,NativeMethods,SetupDiSetClassInstallParams,0,1,4
ExHyperV,ExHyperV.Tools,NativeMethods,SetupDiCallClassInstaller,0,1,3
ExHyperV,ExHyperV.Tools,NativeMethods,SetupDiDestroyDeviceInfoList,0,1,1
ExHyperV,ExHyperV.Tools,NativeMethods,SetupGetInfDriverStoreLocation,0,1,6
ExHyperV,ExHyperV.Tools,NativeMethods,CM_Locate_DevNode,0,1,3
ExHyperV,ExHyperV.Tools,NativeMethods,CM_Enable_DevNode,0,1,2
ExHyperV,ExHyperV.Tools,NativeMethods,CM_Disable_DevNode,0,1,2
ExHyperV,ExHyperV.Tools,NativeMethods,CM_Get_Device_ID_List_Size,0,1,3
ExHyperV,ExHyperV.Tools,NativeMethods,CM_Get_Device_ID_List,0,1,4
ExHyperV,ExHyperV.Tools,NativeMethods,CM_Get_DevNode_Status,0,1,4
ExHyperV,ExHyperV.Tools,NativeMethods,CM_Get_DevNode_Property,0,1,6
ExHyperV,ExHyperV.Tools,NativeMethods,OpenProcessToken,0,1,3
ExHyperV,ExHyperV.Tools,NativeMethods,LookupPrivilegeValue,0,1,3
ExHyperV,ExHyperV.Tools,NativeMethods,AdjustTokenPrivileges,0,1,6
ExHyperV,ExHyperV.Tools,NativeMethods,RegOpenKeyEx,0,1,5
ExHyperV,ExHyperV.Tools,NativeMethods,RegSaveKey,0,1,3
ExHyperV,ExHyperV.Tools,NativeMethods,RegReplaceKey,0,1,4
ExHyperV,ExHyperV.Tools,NativeMethods,RegCloseKey,0,1,1
ExHyperV,ExHyperV.Tools,NativeMethods,RegLoadKey,0,1,3
ExHyperV,ExHyperV.Tools,NativeMethods,RegUnLoadKey,0,1,2
ExHyperV,ExHyperV.Tools,NativeMethods,RegFlushKey,0,1,1
ExHyperV,ExHyperV.Tools,NativeMethods,RegSetValueEx,0,1,6
ExHyperV,ExHyperV.Tools,NativeMethods,RegQueryValueEx,0,1,6
ExHyperV,ExHyperV.Tools,NativeMethods,GetCurrentProcess,0,1,0
ExHyperV,ExHyperV.Tools,NativeMethods,CloseHandle,0,1,1
ExHyperV,ExHyperV.Tools,WmiContext,WmiContext,3,1,0
ExHyperV,ExHyperV.Tools,WmiContext,Remote,0,1,3
ExHyperV,ExHyperV.Tools,WmiContext,WmiContext,5,1,3
ExHyperV,ExHyperV.Tools,WmiConnectionCache,GetManagementScope,41,4,2
ExHyperV,ExHyperV.Tools,WmiConnectionCache,Clear,7,1,0
ExHyperV,ExHyperV.Tools,WmiApi,QueryAsync,40,1,4
ExHyperV,ExHyperV.Tools,WmiApi,QueryCimAsync,0,1,4
ExHyperV,ExHyperV.Tools,WmiApi,QueryFirstAsync,8,3,4
ExHyperV,ExHyperV.Tools,WmiApi,QueryFirstCimAsync,0,1,4
ExHyperV,ExHyperV.Tools,WmiApi,InvokeAsync,24,1,6
ExHyperV,ExHyperV.Tools,WmiApi,InvokeWithResultAsync,52,1,7
ExHyperV,ExHyperV.Tools,WmiApi,InvokeOnObjectAsync,33,1,8
ExHyperV,ExHyperV.Tools,WmiApi,InvokeClassMethodAsync,53,1,5
ExHyperV,ExHyperV.Tools,WmiApi,CreateInstanceTextAsync,38,1,4
ExHyperV,ExHyperV.Tools,WmiApi,InvokeCimMethodAsync,0,1,5
ExHyperV,ExHyperV.Tools,WmiApi,WithObjectAsync,40,1,9
ExHyperV,ExHyperV.Tools,WmiApi,QueryRelatedAsync,35,1,6
ExHyperV,ExHyperV.Tools,WmiApi,QueryRelatedCimAsync,0,1,6
ExHyperV,ExHyperV.Tools,WmiApi,QueryRelatedCimAsync,38,1,8
ExHyperV,ExHyperV.Tools,WmiApi,WithFirstAsync,25,1,4
ExHyperV,ExHyperV.Tools,WmiApi,GetByPathAsync,26,1,4
ExHyperV,ExHyperV.Tools,WmiApi,VmComputerSystemNamePredicate,0,1,1
ExHyperV,ExHyperV.Tools,WmiApi,GetVirtualSystemManagementService,8,1,2
ExHyperV,ExHyperV.Tools,WmiApi,GetVmComputerSystem,12,1,3
ExHyperV,ExHyperV.Tools,WmiApi,GetVmComputerSystem,11,2,3
ExHyperV,ExHyperV.Tools,WmiApi,GetVmSettings,7,1,1
ExHyperV,ExHyperV.Tools,WmiApi,Escape,0,1,1
ExHyperV,ExHyperV.Tools,WmiApi,Prop,9,2,3
ExHyperV,ExHyperV.Tools,WmiApi,PropStr,0,1,2
ExHyperV,ExHyperV.Tools,WmiApi,ClearConnectionCache,0,1,0
ExHyperV,ExHyperV.Tools,WmiApi,QueryJobAffectedPaths,22,4,3
ExHyperV,ExHyperV.Tools,WmiApi,WaitForJobAsync,50,4,6
ExHyperV,ExHyperV.Tools,ManagementObjectExtensions,HasProperty,0,1,2
ExHyperV,ExHyperV.Tools,ManagementObjectExtensions,TrySet,4,2,3
ExHyperV,ExHyperV.Tools,ManagementObjectExtensions,TrySet,4,2,3
ExHyperV,ExHyperV.Tools,ManagementObjectExtensions,TrySetAlways,4,2,3
ExHyperV,ExHyperV.Tools,ManagementObjectExtensions,TryGet,7,3,2
ExHyperV,ExHyperV.Tools,ManagementObjectExtensions,TryGetByte,5,2,2
ExHyperV,ExHyperV.Tools,ManagementObjectExtensions,TryGetString,4,2,2
ExHyperV,ExHyperV.Tools,AutoFocus,GetIsFocused,0,1,1
ExHyperV,ExHyperV.Tools,AutoFocus,SetIsFocused,0,1,2
ExHyperV,ExHyperV.Tools,AutoFocus,OnIsFocusedChanged,10,2,2
ExHyperV,ExHyperV.Tools,EventToCommand,GetEventName,0,1,1
ExHyperV,ExHyperV.Tools,EventToCommand,SetEventName,0,1,2
ExHyperV,ExHyperV.Tools,EventToCommand,GetCommand,0,1,1
ExHyperV,ExHyperV.Tools,EventToCommand,SetCommand,0,1,2
ExHyperV,ExHyperV.Tools,EventToCommand,GetCommandParameter,0,1,1
ExHyperV,ExHyperV.Tools,EventToCommand,SetCommandParameter,0,1,2
ExHyperV,ExHyperV.Tools,EventToCommand,OnEventNameChanged,7,3,2
ExHyperV,ExHyperV.Tools,EventToCommand,BuildHandler,10,1,2
ExHyperV,ExHyperV.Tools,EventToCommand,Exec,5,2,1
ExHyperV,ExHyperV.Tools,FluidMove,GetIsEnabled,0,1,1
ExHyperV,ExHyperV.Tools,FluidMove,SetIsEnabled,0,1,2
ExHyperV,ExHyperV.Tools,FluidMove,GetDuration,0,1,1
ExHyperV,ExHyperV.Tools,FluidMove,SetDuration,0,1,2
ExHyperV,ExHyperV.Tools,FluidMove,OnIsEnabledChanged,13,5,2
ExHyperV,ExHyperV.Tools,Tracker,Tracker,4,1,1
ExHyperV,ExHyperV.Tools,Tracker,Detach,0,1,0
ExHyperV,ExHyperV.Tools,Tracker,OnLayoutUpdated,35,11,2
ExHyperV,ExHyperV.Tools,Tracker,EnsureTransform,6,2,1
ExHyperV,ExHyperV.Tools,ListBoxDragDrop,GetMoveItemCommand,0,1,1
ExHyperV,ExHyperV.Tools,ListBoxDragDrop,SetMoveItemCommand,0,1,2
ExHyperV,ExHyperV.Tools,ListBoxDragDrop,GetDropCompletedCommand,0,1,1
ExHyperV,ExHyperV.Tools,ListBoxDragDrop,SetDropCompletedCommand,0,1,2
ExHyperV,ExHyperV.Tools,ListBoxDragDrop,OnCommandChanged,5,3,2
ExHyperV,ExHyperV.Tools,DragState,DragState,6,1,1
ExHyperV,ExHyperV.Tools,DragState,OnPreviewMouseLeftButtonDown,3,1,2
ExHyperV,ExHyperV.Tools,DragState,OnPreviewMouseMove,22,5,2
ExHyperV,ExHyperV.Tools,DragState,OnDragOver,29,5,2
ExHyperV,ExHyperV.Tools,DragState,FindVisualParent,7,4,1
ExHyperV,ExHyperV.Tools,ParentScrollLock,SetLockParentScroll,0,1,2
ExHyperV,ExHyperV.Tools,ParentScrollLock,GetLockParentScroll,0,1,1
ExHyperV,ExHyperV.Tools,ParentScrollLock,OnLockParentScrollChanged,15,3,2
ExHyperV,ExHyperV.Tools,ParentScrollLock,Page_Loaded,12,4,2
ExHyperV,ExHyperV.Tools,ParentScrollLock,Page_Unloaded,11,3,2
ExHyperV,ExHyperV.Tools,ParentScrollLock,FindParent,8,3,1
ExHyperV,ExHyperV.Tools,SmoothScroll,Initialize,8,2,0
ExHyperV,ExHyperV.Tools,SmoothScroll,OnPreviewMouseWheel,20,4,2
ExHyperV,ExHyperV.Tools,SmoothScroll,FindScrollableViewer,16,6,2
ExHyperV,ExHyperV.Tools,SmoothScroll,GetParent,7,3,1
ExHyperV,ExHyperV.Tools,ScrollAnimation,ScrollAnimation,0,1,1
ExHyperV,ExHyperV.Tools,ScrollAnimation,AddDelta,16,3,1
ExHyperV,ExHyperV.Tools,ScrollAnimation,OnRendering,10,2,2
ExHyperV,ExHyperV.Tools,ScrollAnimation,OnViewerUnloaded,0,1,2
ExHyperV,ExHyperV.Tools,ScrollAnimation,Stop,6,2,0
ExHyperV,ExHyperV.Tools,MsRdpAxHost,MsRdpAxHost,1,1,0
ExHyperV,ExHyperV.Tools,MsRdpAxHost,AttachInterfaces,22,1,0
ExHyperV,ExHyperV.Tools,MsRdpAxHost,ApplyAndConnect,78,8,1
ExHyperV,ExHyperV.Tools,MsRdpAxHost,DisconnectSafe,8,2,0
ExHyperV,ExHyperV.Tools,MsRdpAxHost,SetFullScreen,4,1,1
ExHyperV,ExHyperV.Tools,MsRdpAxHost,SetSmartSizing,6,2,1
ExHyperV,ExHyperV.Tools,MsRdpAxHost,SetResolution,16,2,3
ExHyperV,ExHyperV.Tools,MsRdpAxHost,SetZoomLevel,13,3,1
ExHyperV,ExHyperV.Tools,MsRdpAxHost,TrySet,4,1,2
ExHyperV,ExHyperV.Tools,MsRdpAxHost,Safe,4,1,1
ExHyperV,ExHyperV.Tools,MsRdpAxHost,GetAncestor,0,1,2
ExHyperV,ExHyperV.Tools,RdpClientHost,RdpClientHost,42,2,0
ExHyperV,ExHyperV.Tools,RdpClientHost,Connect,5,2,1
ExHyperV,ExHyperV.Tools,RdpClientHost,Disconnect,0,1,0
ExHyperV,ExHyperV.Tools,RdpClientHost,ShutdownAndDispose,14,2,0
ExHyperV,ExHyperV.Tools,RdpClientHost,Resize,0,1,3
ExHyperV,ExHyperV.Tools,RdpClientHost,SetSmartSizing,0,1,1
ExHyperV,ExHyperV.Tools,RdpClientHost,SetZoomLevel,0,1,1
ExHyperV,ExHyperV.Tools,RdpClientHost,SetFullScreen,0,1,1
ExHyperV,ExHyperV.Tools,StretchUniformGrid,MeasureOverride,15,4,1
ExHyperV,ExHyperV.Tools,StretchUniformGrid,ArrangeOverride,14,3,1
ExHyperV,ExHyperV.Tools,SwitchTopology,SwitchTopology,3,1,0
ExHyperV,ExHyperV.Tools,SwitchTopology,OnIsVisibleChanged,3,2,2
ExHyperV,ExHyperV.Tools,SwitchTopology,OnItemsSourceChanged,6,4,2
ExHyperV,ExHyperV.Tools,SwitchTopology,OnPropertiesChanged,0,1,2
ExHyperV,ExHyperV.Tools,SwitchTopology,OnCollectionChanged,0,1,2
ExHyperV,ExHyperV.Tools,SwitchTopology,DrawLine,5,1,4
ExHyperV,ExHyperV.Tools,SwitchTopology,CreateNode,25,4,7
ExHyperV,ExHyperV.Tools,SwitchTopology,DrawRow,12,4,4
ExHyperV,ExHyperV.Tools,SwitchTopology,Redraw,69,8,0
ExHyperV,ExHyperV.Tools,Bcdedit,ReadValue,25,4,1
ExHyperV,ExHyperV.Tools,Bcdedit,SetValueAsync,18,2,2
ExHyperV,ExHyperV.Tools,CpuId,HypervisorPresent,0,1,0
ExHyperV,ExHyperV.Tools,CpuId,HardwareVirtualizationExposed,6,1,0
ExHyperV,ExHyperV.Tools,CpuId,IsHyperVRootPartition,5,2,0
ExHyperV,ExHyperV.Tools,CpuId,VirtualAlloc,0,1,4
ExHyperV,ExHyperV.Tools,CpuId,VirtualFree,0,1,3
ExHyperV,ExHyperV.Tools,CpuId,Leaf,23,2,2
ExHyperV,ExHyperV.Tools,DeviceIcons,GetGlyph,28,9,2
ExHyperV,ExHyperV.Tools,DeviceIcons,CreateFontIcon,8,1,2
ExHyperV,ExHyperV.Tools,DiskParser,GetPartitions,40,7,1
ExHyperV,ExHyperV.Tools,DiskParser,Filter,7,1,1
ExHyperV,ExHyperV.Tools,DiskParser,QuerySectorSize,12,2,1
ExHyperV,ExHyperV.Tools,DiskParser,DeviceIoControl,0,1,8
ExHyperV,ExHyperV.Tools,DiskParser,CheckGptSignatureAt,11,2,2
ExHyperV,ExHyperV.Tools,DiskParser,IsGptProtectiveMbr,5,3,1
ExHyperV,ExHyperV.Tools,DiskParser,HasBitLockerSignature,11,2,2
ExHyperV,ExHyperV.Tools,DiskParser,ParseGptPartitions,34,7,2
ExHyperV,ExHyperV.Tools,DiskParser,ParseMbrPartitions,49,11,3
ExHyperV,ExHyperV.Tools,DiskParser,GetOsTypeFromMbrId,5,3,1
ExHyperV,ExHyperV.Tools,DiskParser,GetOsTypeFromGptGuid,6,3,1
ExHyperV,ExHyperV.Tools,FriendlyError,LastSentence,0,1,1
ExHyperV,ExHyperV.Tools,FriendlyError,CleanLines,0,1,1
ExHyperV,ExHyperV.Tools,FriendlyError,Clean,11,2,2
ExHyperV,ExHyperV.Tools,GpuImages,GetResourceKey,15,9,2
ExHyperV,ExHyperV.Tools,GridLayoutMath,CalculateOptimalColumns,18,9,1
ExHyperV,ExHyperV.Tools,HyperVEndPoint,HyperVEndPoint,4,1,2
ExHyperV,ExHyperV.Tools,HyperVEndPoint,Serialize,14,3,0
ExHyperV,ExHyperV.Tools,HyperVEndPoint,Create,8,4,1
ExHyperV,ExHyperV.Tools,Ipv4,SelectBest,20,3,1
ExHyperV,ExHyperV.Tools,Ipv4,NormalizeCandidate,7,3,1
ExHyperV,ExHyperV.Tools,Ipv4,IsLinkLocalOrLoopback,4,1,1
ExHyperV,ExHyperV.Tools,Ipv4,IsRfc1918Private,7,4,1
ExHyperV,ExHyperV.Tools,MacAddress,Format,7,3,1
ExHyperV,ExHyperV.Tools,MacAddress,Normalize,5,2,1
ExHyperV,ExHyperV.Tools,NotesTag,Get,9,3,2
ExHyperV,ExHyperV.Tools,NotesTag,Update,13,3,3
ExHyperV,ExHyperV.Tools,OsImages,Canonical,0,1,1
ExHyperV,ExHyperV.Tools,PciIds,PciIds,1,1,0
ExHyperV,ExHyperV.Tools,PciIds,EnsureInitializedAsync,34,8,0
ExHyperV,ExHyperV.Tools,PciIds,GetVendorFromInstanceId,20,5,2
ExHyperV,ExHyperV.Tools,TaskExtensions,SafeFireAndForget,11,1,2
ExHyperV,ExHyperV.Tools,VectorIcons,TryGet,4,2,1
ExHyperV,ExHyperV.Tools,VmMapper,ParseOsTypeFromNotes,7,4,1
ExHyperV,ExHyperV.Tools,VmMapper,ParseNotes,4,2,1
ExHyperV,ExHyperV.Tools,VmMapper,IsRunning,0,1,1
ExHyperV,ExHyperV.Tools,VmMapper,IsActiveState,0,1,1
ExHyperV,ExHyperV.Tools,VmMapper,MapStateCodeToText,32,1,1
ExHyperV,ExHyperV.Vmcx,VmcxSchema,GpuPvDevices,41,10,1
ExHyperV,ExHyperV.Vmcx,VmcxStore,LoadLibrary,0,1,1
ExHyperV,ExHyperV.Vmcx,VmcxStore,GetProcAddress,0,1,2
ExHyperV,ExHyperV.Vmcx,VmcxStore,WindowsCreateString,0,1,3
ExHyperV,ExHyperV.Vmcx,VmcxStore,WindowsGetStringRawBuffer,0,1,2
ExHyperV,ExHyperV.Vmcx,VmcxStore,WindowsDeleteString,0,1,1
ExHyperV,ExHyperV.Vmcx,VmcxStore,EnsureInit,14,4,0
ExHyperV,ExHyperV.Vmcx,VmcxStore,VmcxStore,1,1,0
ExHyperV,ExHyperV.Vmcx,VmcxStore,Open,16,2,1
ExHyperV,ExHyperV.Vmcx,VmcxStore,GetInteger,1,1,1
ExHyperV,ExHyperV.Vmcx,VmcxStore,GetString,7,1,1
ExHyperV,ExHyperV.Vmcx,VmcxStore,WithKey,1,1,2
ExHyperV,ExHyperV.Vmcx,VmcxStore,Enumerate,40,4,0
ExHyperV,ExHyperV.Vmcx,VmcxStore,RemoveDevice,58,28,1
ExHyperV,ExHyperV.Vmcx,VmcxStore,VdevPath,1,1,1
ExHyperV,ExHyperV.Vmcx,VmcxStore,ValidateManifest,68,25,0
ExHyperV,ExHyperV.Vmcx,VmcxStore,BeginWrite,5,1,0
ExHyperV,ExHyperV.Vmcx,VmcxStore,Dispose,8,5,0
ExHyperV,ExHyperV.Vmcx,VmcxStore,DoSetInteger,1,1,2
ExHyperV,ExHyperV.Vmcx,VmcxStore,DoSetString,1,1,2
ExHyperV,ExHyperV.Vmcx,VmcxStore,DoRemove,1,1,1
ExHyperV,ExHyperV.Vmcx,VmcxStore,DoCommit,1,2,0
ExHyperV,ExHyperV.Vmcx,VmcxStore,DoUnlock,1,1,0
ExHyperV,ExHyperV.Vmcx,VmcxStore,Slot,1,1,2
ExHyperV,ExHyperV.Vmcx,VmcxStore,SlotOff,1,1,2
ExHyperV,ExHyperV.Vmcx,VmcxStore,D,1,1,1
ExHyperV,ExHyperV.Vmcx,VmcxStore,MakeHStr,1,1,1
ExHyperV,ExHyperV.Vmcx,VmcxStore,FromHStr,1,2,1
ExHyperV,ExHyperV.Vmcx,VmcxStore,Hr,1,2,2
ExHyperV,ExHyperV.Vmcx,VmcxStore,ThrowIfDisposed,1,2,0
ExHyperV,ExHyperV.Vmcx,VmcxWriter,VmcxWriter,1,1,1
ExHyperV,ExHyperV.Vmcx,VmcxWriter,SetInteger,1,1,2
ExHyperV,ExHyperV.Vmcx,VmcxWriter,SetString,1,1,2
ExHyperV,ExHyperV.Vmcx,VmcxWriter,Remove,1,1,1
ExHyperV,ExHyperV.Vmcx,VmcxWriter,Commit,1,1,0
ExHyperV,ExHyperV.Vmcx,VmcxWriter,Dispose,1,2,0
ExHyperV,ExHyperV.Vmcx,VmcxException,VmcxException,1,1,2
ExHyperV,ExHyperV.ViewModels,AddSwitchViewModel,AddSwitchViewModel,6,1,3
ExHyperV,ExHyperV.ViewModels,AddSwitchViewModel,RebuildAvailableAdapters,12,3,0
ExHyperV,ExHyperV.ViewModels,AddSwitchViewModel,OnSelectedSwitchTypeChanged,10,1,1
ExHyperV,ExHyperV.ViewModels,AddSwitchViewModel,Validate,32,7,0
ExHyperV,ExHyperV.ViewModels,ConsoleViewModel,ConsoleViewModel,19,4,2
ExHyperV,ExHyperV.ViewModels,ConsoleViewModel,ToggleFullScreen,0,1,0
ExHyperV,ExHyperV.ViewModels,ConsoleViewModel,StartStatusPolling,6,1,0
ExHyperV,ExHyperV.ViewModels,ConsoleViewModel,SyncVmStateAsync,34,6,0
ExHyperV,ExHyperV.ViewModels,ConsoleViewModel,CanExecutePowerAction,0,1,0
ExHyperV,ExHyperV.ViewModels,ConsoleViewModel,StartVmAsync,0,1,0
ExHyperV,ExHyperV.ViewModels,ConsoleViewModel,ShutdownVmAsync,0,1,0
ExHyperV,ExHyperV.ViewModels,ConsoleViewModel,ResetVmAsync,0,1,0
ExHyperV,ExHyperV.ViewModels,ConsoleViewModel,PauseVmAsync,0,1,0
ExHyperV,ExHyperV.ViewModels,ConsoleViewModel,SaveVmAsync,0,1,0
ExHyperV,ExHyperV.ViewModels,ConsoleViewModel,TurnOffVmAsync,0,1,0
ExHyperV,ExHyperV.ViewModels,ConsoleViewModel,ExecutePowerActionAsync,20,2,1
ExHyperV,ExHyperV.ViewModels,ConsoleViewModel,SendCad,4,1,0
ExHyperV,ExHyperV.ViewModels,ConsoleViewModel,OnCurrentWidthChanged,0,1,1
ExHyperV,ExHyperV.ViewModels,ConsoleViewModel,OnCurrentHeightChanged,0,1,1
ExHyperV,ExHyperV.ViewModels,ConsoleViewModel,UpdateResolutionString,10,2,0
ExHyperV,ExHyperV.ViewModels,ConsoleViewModel,ChangeZoom,6,2,1
ExHyperV,ExHyperV.ViewModels,ConsoleViewModel,SwitchSessionMode,6,1,1
ExHyperV,ExHyperV.ViewModels,ConsoleViewModel,FallbackToBasicSession,0,1,0
ExHyperV,ExHyperV.ViewModels,ConsoleViewModel,OnSelectedSessionModeChanged,4,1,1
ExHyperV,ExHyperV.ViewModels,ConsoleViewModel,OnIsRunningChanged,16,2,1
ExHyperV,ExHyperV.ViewModels,ConsoleViewModel,ChangeResolution,6,3,1
ExHyperV,ExHyperV.ViewModels,ConsoleViewModel,Dispose,0,1,0
ExHyperV,ExHyperV.ViewModels,DeviceViewModel,DeviceViewModel,11,2,2
ExHyperV,ExHyperV.ViewModels,HostPageViewModel,HostPageViewModel,0,1,0
ExHyperV,ExHyperV.ViewModels,HostPageViewModel,LoadInitialStatusAsync,5,1,0
ExHyperV,ExHyperV.ViewModels,HostPageViewModel,CheckSystemInfoAsync,0,1,0
ExHyperV,ExHyperV.ViewModels,HostPageViewModel,CheckCpuInfoAsync,4,1,0
ExHyperV,ExHyperV.ViewModels,HostPageViewModel,CheckHyperVInfoAsync,6,1,0
ExHyperV,ExHyperV.ViewModels,HostPageViewModel,CheckIommuAsync,4,1,0
ExHyperV,ExHyperV.ViewModels,HostPageViewModel,CheckServerInfoAsync,4,1,0
ExHyperV,ExHyperV.ViewModels,HostPageViewModel,CheckUsbInfoAsync,4,1,0
ExHyperV,ExHyperV.ViewModels,HostPageViewModel,InitializeVersionPolicyAsync,14,1,0
ExHyperV,ExHyperV.ViewModels,HostPageViewModel,LoadAdvancedConfigAsync,32,2,0
ExHyperV,ExHyperV.ViewModels,HostPageViewModel,OnIsGpuStrategyEnabledChanged,4,3,1
ExHyperV,ExHyperV.ViewModels,HostPageViewModel,OnIsNativeNvmeEnabledChanged,5,3,1
ExHyperV,ExHyperV.ViewModels,HostPageViewModel,OnIsOpenHclFirmwareFileEnabledChanged,9,3,1
ExHyperV,ExHyperV.ViewModels,HostPageViewModel,OnIsVolumeAutoMountEnabledChanged,4,2,1
ExHyperV,ExHyperV.ViewModels,HostPageViewModel,ApplyVolumeAutoMountStateAsync,11,2,1
ExHyperV,ExHyperV.ViewModels,HostPageViewModel,OnIsNumaSpanningEnabledChanged,17,2,1
ExHyperV,ExHyperV.ViewModels,HostPageViewModel,OnIsEnhancedSessionModeEnabledChanged,17,2,1
ExHyperV,ExHyperV.ViewModels,HostPageViewModel,OnCurrentSchedulerTypeChanged,19,2,1
ExHyperV,ExHyperV.ViewModels,HostPageViewModel,OnCurrentPowerPlanIdChanged,21,2,1
ExHyperV,ExHyperV.ViewModels,HostPageViewModel,OnIsServerSystemChanged,4,2,1
ExHyperV,ExHyperV.ViewModels,HostPageViewModel,BrowseDefaultVirtualMachinePathAsync,11,3,0
ExHyperV,ExHyperV.ViewModels,HostPageViewModel,BrowseDefaultVirtualHardDiskPathAsync,11,3,0
ExHyperV,ExHyperV.ViewModels,HostPageViewModel,CanApplyDynamicMacRange,0,1,0
ExHyperV,ExHyperV.ViewModels,HostPageViewModel,ApplyDynamicMacRangeAsync,31,4,0
ExHyperV,ExHyperV.ViewModels,HostPageViewModel,NormalizeDynamicMacAddress,7,3,1
ExHyperV,ExHyperV.ViewModels,HostPageViewModel,FormatDynamicMacAddress,6,1,1
ExHyperV,ExHyperV.ViewModels,HostPageViewModel,DisableHyperVAsync,12,2,0
ExHyperV,ExHyperV.ViewModels,HostPageViewModel,EnableHyperVAsync,12,2,0
ExHyperV,ExHyperV.ViewModels,HostPageViewModel,InitializeProductType,12,1,0
ExHyperV,ExHyperV.ViewModels,HostPageViewModel,SwitchSystemVersion,60,6,1
ExHyperV,ExHyperV.ViewModels,HostPageViewModel,ShowPendingState,11,1,2
ExHyperV,ExHyperV.ViewModels,CheckStatusViewModel,CheckStatusViewModel,0,1,1
ExHyperV,ExHyperV.ViewModels,CheckStatusViewModel,OnIsSuccessChanged,1,1,1
ExHyperV,ExHyperV.ViewModels,MainPageViewModel,MainPageViewModel,4,1,0
ExHyperV,ExHyperV.ViewModels,MainPageViewModel,LoadSystemInfoAsync,7,1,0
ExHyperV,ExHyperV.ViewModels,MainPageViewModel,OnNavigate,13,2,1
ExHyperV,ExHyperV.ViewModels,PageViewModelBase,ShowSnackbar,0,1,4
ExHyperV,ExHyperV.ViewModels,PageViewModelBase,ShowSuccess,0,1,1
ExHyperV,ExHyperV.ViewModels,PageViewModelBase,ShowError,0,1,1
ExHyperV,ExHyperV.ViewModels,PageViewModelBase,ShowTip,0,1,1
ExHyperV,ExHyperV.ViewModels,PageViewModelBase,ShowRestartPrompt,0,1,1
ExHyperV,ExHyperV.ViewModels,PageViewModelBase,SuppressApply,4,1,0
ExHyperV,ExHyperV.ViewModels,ApplySuppressionToken,ApplySuppressionToken,0,1,1
ExHyperV,ExHyperV.ViewModels,ApplySuppressionToken,Dispose,6,2,0
ExHyperV,ExHyperV.ViewModels,PCIePageViewModel,PCIePageViewModel,4,1,0
ExHyperV,ExHyperV.ViewModels,PCIePageViewModel,LoadDataAsync,29,4,0
ExHyperV,ExHyperV.ViewModels,PCIePageViewModel,ChangeAssignmentAsync,156,26,1
ExHyperV,ExHyperV.ViewModels,PCIePageViewModel,EnsureMmioSpaceAsync,32,4,1
ExHyperV,ExHyperV.ViewModels,SettingsPageViewModel,CheckForUpdateAsync,41,3,0
ExHyperV,ExHyperV.ViewModels,SettingsPageViewModel,GoToReleasePage,5,2,0
ExHyperV,ExHyperV.ViewModels,SettingsPageViewModel,SettingsPageViewModel,13,1,0
ExHyperV,ExHyperV.ViewModels,SettingsPageViewModel,LoadCurrentSettings,6,1,0
ExHyperV,ExHyperV.ViewModels,SettingsPageViewModel,OnSelectedThemeChanged,5,2,1
ExHyperV,ExHyperV.ViewModels,SettingsPageViewModel,OnSelectedLanguageChanged,4,2,1
ExHyperV,ExHyperV.ViewModels,SettingsPageViewModel,OnIsPerformanceModeChanged,5,2,1
ExHyperV,ExHyperV.ViewModels,SwitchPageViewModel,SwitchPageViewModel,3,1,0
ExHyperV,ExHyperV.ViewModels,SwitchPageViewModel,AddNewSwitchAsync,39,3,0
ExHyperV,ExHyperV.ViewModels,SwitchPageViewModel,DeleteSwitchAsync,20,2,1
ExHyperV,ExHyperV.ViewModels,SwitchPageViewModel,LoadNetworkInfoAsync,12,2,0
ExHyperV,ExHyperV.ViewModels,SwitchPageViewModel,CoreRefreshLogicAsync,33,4,0
ExHyperV,ExHyperV.ViewModels,SwitchPageViewModel,OnSwitchViewModelPropertyChanged,18,4,2
ExHyperV,ExHyperV.ViewModels,SwitchPageViewModel,ApplyConfigurationChange,52,7,1
ExHyperV,ExHyperV.ViewModels,SwitchPageViewModel,RefreshDataModels,17,3,0
ExHyperV,ExHyperV.ViewModels,SwitchPageViewModel,UpdateAllSwitchMenus,6,2,0
ExHyperV,ExHyperV.ViewModels,SwitchViewModel,SwitchViewModel,18,1,3
ExHyperV,ExHyperV.ViewModels,SwitchViewModel,SetNetworkMode,7,2,1
ExHyperV,ExHyperV.ViewModels,SwitchViewModel,SelectUpstreamAdapter,3,1,1
ExHyperV,ExHyperV.ViewModels,SwitchViewModel,RevertTo,19,2,1
ExHyperV,ExHyperV.ViewModels,SwitchViewModel,UpdateUiLogic,8,2,0
ExHyperV,ExHyperV.ViewModels,SwitchViewModel,SetAdapters,5,1,2
ExHyperV,ExHyperV.ViewModels,SwitchViewModel,UpdateMenuItems,9,4,0
ExHyperV,ExHyperV.ViewModels,SwitchViewModel,UpdateTopologyAsync,6,3,0
ExHyperV,ExHyperV.ViewModels,UsbDeviceViewModel,UsbDeviceViewModel,7,1,2
ExHyperV,ExHyperV.ViewModels,UsbDeviceViewModel,UpdateOptions,13,3,1
ExHyperV,ExHyperV.ViewModels,USBPageViewModel,USBPageViewModel,6,1,0
ExHyperV,ExHyperV.ViewModels,USBPageViewModel,LoadDataAsync,9,1,0
ExHyperV,ExHyperV.ViewModels,USBPageViewModel,SyncDevicesLoopAsync,7,2,1
ExHyperV,ExHyperV.ViewModels,USBPageViewModel,RefreshListInternal,31,8,0
ExHyperV,ExHyperV.ViewModels,USBPageViewModel,ChangeAssignmentAsync,25,4,1
ExHyperV,ExHyperV.ViewModels,USBPageViewModel,OpenUrl,0,1,1
ExHyperV,ExHyperV.ViewModels,VirtualMachinesPageViewModel,GoToAdvancedSettingsAsync,76,6,0
ExHyperV,ExHyperV.ViewModels,VirtualMachinesPageViewModel,OnCurrentViewTypeChanged,6,2,2
ExHyperV,ExHyperV.ViewModels,VirtualMachinesPageViewModel,OnAllowFullScsiCommandSetChanged,4,2,1
ExHyperV,ExHyperV.ViewModels,VirtualMachinesPageViewModel,OnLockOnDisconnectChanged,4,2,1
ExHyperV,ExHyperV.ViewModels,VirtualMachinesPageViewModel,OnTurnOffOnGuestRestartChanged,4,2,1
ExHyperV,ExHyperV.ViewModels,VirtualMachinesPageViewModel,OnEnableHibernationChanged,4,2,1
ExHyperV,ExHyperV.ViewModels,VirtualMachinesPageViewModel,OnSyntheticBatteryEnabledChanged,11,2,1
ExHyperV,ExHyperV.ViewModels,VirtualMachinesPageViewModel,ApplySyntheticBatteryAsync,45,8,3
ExHyperV,ExHyperV.ViewModels,VirtualMachinesPageViewModel,GetSyntheticBatteryStateAsync,14,2,1
ExHyperV,ExHyperV.ViewModels,VirtualMachinesPageViewModel,IsLatestSyntheticBatteryIntent,0,1,2
ExHyperV,ExHyperV.ViewModels,VirtualMachinesPageViewModel,IsCurrentAdvancedSettingsLoad,0,1,2
ExHyperV,ExHyperV.ViewModels,VirtualMachinesPageViewModel,CanApplyAdvancedBehavior,0,1,1
ExHyperV,ExHyperV.ViewModels,VirtualMachinesPageViewModel,ApplyAdvancedBehaviorAsync,15,3,2
ExHyperV,ExHyperV.ViewModels,VirtualMachinesPageViewModel,GetAppliedAdvancedBehavior,0,1,1
ExHyperV,ExHyperV.ViewModels,VirtualMachinesPageViewModel,SetAppliedAdvancedBehavior,17,4,2
ExHyperV,ExHyperV.ViewModels,VirtualMachinesPageViewModel,RestoreAdvancedBehavior,21,5,3
ExHyperV,ExHyperV.ViewModels,VirtualMachinesPageViewModel,GetAdvancedBehaviorTitle,0,1,1
ExHyperV,ExHyperV.ViewModels,VirtualMachinesPageViewModel,OnIsConsoleSupportEnabledChanged,4,2,1
ExHyperV,ExHyperV.ViewModels,VirtualMachinesPageViewModel,ApplyConsoleSupportAsync,14,2,1
ExHyperV,ExHyperV.ViewModels,VirtualMachinesPageViewModel,OnIsBootNumLockEnabledChanged,4,2,1
ExHyperV,ExHyperV.ViewModels,VirtualMachinesPageViewModel,ApplyBootNumLockAsync,11,2,1
ExHyperV,ExHyperV.ViewModels,VirtualMachinesPageViewModel,ApplyVideoResolutionAsync,30,6,0
ExHyperV,ExHyperV.ViewModels,VirtualMachinesPageViewModel,RefreshBootOrderForSelectedVmAsync,22,2,1
ExHyperV,ExHyperV.ViewModels,VirtualMachinesPageViewModel,GoToBootSettingsAsync,14,4,0
ExHyperV,ExHyperV.ViewModels,VirtualMachinesPageViewModel,SaveBootOrderAsync,12,3,0
ExHyperV,ExHyperV.ViewModels,VirtualMachinesPageViewModel,ReorderBootItem,19,7,1
ExHyperV,ExHyperV.ViewModels,VirtualMachinesPageViewModel,InitPossibleCpuCounts,9,2,0
ExHyperV,ExHyperV.ViewModels,VirtualMachinesPageViewModel,LoadHostPlatformAsync,3,1,0
ExHyperV,ExHyperV.ViewModels,VirtualMachinesPageViewModel,GoToCpuSettingsAsync,30,4,0
ExHyperV,ExHyperV.ViewModels,VirtualMachinesPageViewModel,ApplyChangesAsync,23,4,0
ExHyperV,ExHyperV.ViewModels,VirtualMachinesPageViewModel,GoToCpuAffinityAsync,56,6,0
ExHyperV,ExHyperV.ViewModels,VirtualMachinesPageViewModel,SaveAffinityAsync,45,5,0
ExHyperV,ExHyperV.ViewModels,VirtualMachinesPageViewModel,TryApplyAffinityForRootScheduler,35,3,1
ExHyperV,ExHyperV.ViewModels,VirtualMachinesPageViewModel,OnNewVmNameChanged,3,1,1
ExHyperV,ExHyperV.ViewModels,VirtualMachinesPageViewModel,OnNewVmStoragePathChanged,4,2,1
ExHyperV,ExHyperV.ViewModels,VirtualMachinesPageViewModel,RenameVm,4,2,1
ExHyperV,ExHyperV.ViewModels,VirtualMachinesPageViewModel,CancelRename,4,2,1
ExHyperV,ExHyperV.ViewModels,VirtualMachinesPageViewModel,CommitRenameAsync,34,4,1
ExHyperV,ExHyperV.ViewModels,VirtualMachinesPageViewModel,OnNewVmNewDiskPathChanged,4,2,1
ExHyperV,ExHyperV.ViewModels,VirtualMachinesPageViewModel,OnNewVmGenerationChanged,5,2,1
ExHyperV,ExHyperV.ViewModels,VirtualMachinesPageViewModel,UpdateDiskPath,13,2,0
ExHyperV,ExHyperV.ViewModels,VirtualMachinesPageViewModel,SetDetectedConfigPath,9,2,1
ExHyperV,ExHyperV.ViewModels,VirtualMachinesPageViewModel,CreateVmAsync,88,4,0
ExHyperV,ExHyperV.ViewModels,VirtualMachinesPageViewModel,CancelCreate,8,2,0
ExHyperV,ExHyperV.ViewModels,VirtualMachinesPageViewModel,BrowseNewVmPath,5,2,0
ExHyperV,ExHyperV.ViewModels,VirtualMachinesPageViewModel,BrowseNewDiskLocation,9,2,0
ExHyperV,ExHyperV.ViewModels,VirtualMachinesPageViewModel,BrowseExistingDisk,4,2,0
ExHyperV,ExHyperV.ViewModels,VirtualMachinesPageViewModel,BrowseIsoImage,4,2,0
ExHyperV,ExHyperV.ViewModels,VirtualMachinesPageViewModel,BrowseOpenHclIgvm,7,2,0
ExHyperV,ExHyperV.ViewModels,VirtualMachinesPageViewModel,ConfirmCreateAsync,153,22,0
ExHyperV,ExHyperV.ViewModels,VirtualMachinesPageViewModel,GetNextAvailableName,10,3,1
ExHyperV,ExHyperV.ViewModels,VirtualMachinesPageViewModel,VirtualMachinesPageViewModel,17,2,1
ExHyperV,ExHyperV.ViewModels,VirtualMachinesPageViewModel,Dispose,8,1,0
ExHyperV,ExHyperV.ViewModels,VirtualMachinesPageViewModel,OnSearchTextChanged,8,2,1
ExHyperV,ExHyperV.ViewModels,VirtualMachinesPageViewModel,GoBackToDashboard,0,1,0
ExHyperV,ExHyperV.ViewModels,VirtualMachinesPageViewModel,GoBack,22,3,0
ExHyperV,ExHyperV.ViewModels,VirtualMachinesPageViewModel,OpenVmFolderAsync,26,4,1
ExHyperV,ExHyperV.ViewModels,VirtualMachinesPageViewModel,UpdateSelection,4,1,1
ExHyperV,ExHyperV.ViewModels,VirtualMachinesPageViewModel,MultiPowerAsync,10,2,0
ExHyperV,ExHyperV.ViewModels,VirtualMachinesPageViewModel,DeleteVmAsync,23,5,1
ExHyperV,ExHyperV.ViewModels,VirtualMachinesPageViewModel,DeleteMultipleAsync,23,7,1
ExHyperV,ExHyperV.ViewModels,VirtualMachinesPageViewModel,PurgeMultipleAsync,24,7,1
ExHyperV,ExHyperV.ViewModels,VirtualMachinesPageViewModel,PurgeVmAsync,110,10,1
ExHyperV,ExHyperV.ViewModels,VirtualMachinesPageViewModel,OnSelectedVmChanged,28,14,1
ExHyperV,ExHyperV.ViewModels,VirtualMachinesPageViewModel,CreateVmInstance,44,1,1
ExHyperV,ExHyperV.ViewModels,VirtualMachinesPageViewModel,TryRepairStaleGpuPvAndRetryAsync,63,9,3
ExHyperV,ExHyperV.ViewModels,VirtualMachinesPageViewModel,TryRemoveStalePassthroughDiskAndRetryAsync,43,9,3
ExHyperV,ExHyperV.ViewModels,VirtualMachinesPageViewModel,DescribeStalePassthroughDisk,0,1,1
ExHyperV,ExHyperV.ViewModels,VirtualMachinesPageViewModel,LoadVmsAsync,50,6,0
ExHyperV,ExHyperV.ViewModels,VirtualMachinesPageViewModel,OpenNativeConnectAsync,18,3,0
ExHyperV,ExHyperV.ViewModels,VirtualMachinesPageViewModel,ChangeOsTypeAsync,14,3,1
ExHyperV,ExHyperV.ViewModels,VirtualMachinesPageViewModel,StartMonitoring,8,2,0
ExHyperV,ExHyperV.ViewModels,VirtualMachinesPageViewModel,MonitorCpuLoop,10,2,1
ExHyperV,ExHyperV.ViewModels,VirtualMachinesPageViewModel,MonitorStateLoop,137,3,1
ExHyperV,ExHyperV.ViewModels,VirtualMachinesPageViewModel,SyncSingleVmStateAsync,12,2,1
ExHyperV,ExHyperV.ViewModels,VirtualMachinesPageViewModel,ProcessAndApplyCpuUpdates,1,3,1
ExHyperV,ExHyperV.ViewModels,VirtualMachinesPageViewModel,UpdateVmCores,1,4,2
ExHyperV,ExHyperV.ViewModels,VirtualMachinesPageViewModel,UpdateHistory,1,4,2
ExHyperV,ExHyperV.ViewModels,VirtualMachinesPageViewModel,CalculatePoints,1,2,1
ExHyperV,ExHyperV.ViewModels,VirtualMachinesPageViewModel,GetOptimisticText,0,1,1
ExHyperV,ExHyperV.ViewModels,VirtualMachinesPageViewModel,CopyToClipboard,4,2,1
ExHyperV,ExHyperV.ViewModels,VirtualMachinesPageViewModel,MonitorThumbnailLoop,22,5,1
ExHyperV,ExHyperV.ViewModels,VirtualMachinesPageViewModel,GetDir,8,2,1
ExHyperV,ExHyperV.ViewModels,VirtualMachinesPageViewModel,GetFileName,8,2,2
ExHyperV,ExHyperV.ViewModels,VirtualMachinesPageViewModel,OnIsLoadingExportOptionsChanged,7,1,1
ExHyperV,ExHyperV.ViewModels,VirtualMachinesPageViewModel,OnExportDestinationPathChanged,0,1,1
ExHyperV,ExHyperV.ViewModels,VirtualMachinesPageViewModel,OnExportIncludesVirtualHardDisksChanged,4,1,1
ExHyperV,ExHyperV.ViewModels,VirtualMachinesPageViewModel,OnExportCreatesPackageChanged,4,1,1
ExHyperV,ExHyperV.ViewModels,VirtualMachinesPageViewModel,OnExportPackageFileNameChanged,0,1,1
ExHyperV,ExHyperV.ViewModels,VirtualMachinesPageViewModel,OnExportPackageModeChanged,0,1,1
ExHyperV,ExHyperV.ViewModels,VirtualMachinesPageViewModel,OnExportProgressChanged,4,2,1
ExHyperV,ExHyperV.ViewModels,VirtualMachinesPageViewModel,OnIsExportingChanged,10,1,1
ExHyperV,ExHyperV.ViewModels,VirtualMachinesPageViewModel,OnExportCompletedChanged,8,1,1
ExHyperV,ExHyperV.ViewModels,VirtualMachinesPageViewModel,OnExportIncludesCheckpointsChanged,24,6,1
ExHyperV,ExHyperV.ViewModels,VirtualMachinesPageViewModel,OnExportCheckpointModeChanged,4,1,1
ExHyperV,ExHyperV.ViewModels,VirtualMachinesPageViewModel,OnSelectedExportCheckpointChanged,0,1,1
ExHyperV,ExHyperV.ViewModels,VirtualMachinesPageViewModel,GoToExportVmAsync,121,13,1
ExHyperV,ExHyperV.ViewModels,VirtualMachinesPageViewModel,BrowseExportFolder,10,3,0
ExHyperV,ExHyperV.ViewModels,VirtualMachinesPageViewModel,SelectAllExportCheckpoints,0,1,0
ExHyperV,ExHyperV.ViewModels,VirtualMachinesPageViewModel,SelectSingleExportCheckpoint,4,2,0
ExHyperV,ExHyperV.ViewModels,VirtualMachinesPageViewModel,SelectStoredExportPackage,0,1,0
ExHyperV,ExHyperV.ViewModels,VirtualMachinesPageViewModel,SelectCompressedExportPackage,0,1,0
ExHyperV,ExHyperV.ViewModels,VirtualMachinesPageViewModel,StartExportAsync,163,14,0
ExHyperV,ExHyperV.ViewModels,VirtualMachinesPageViewModel,CloseExport,4,2,0
ExHyperV,ExHyperV.ViewModels,VirtualMachinesPageViewModel,NormalizePackageFileName,15,3,1
ExHyperV,ExHyperV.ViewModels,VirtualMachinesPageViewModel,GetPackageStageStatus,0,1,1
ExHyperV,ExHyperV.ViewModels,VirtualMachinesPageViewModel,UpdateSingleCheckpointRequirements,25,4,0
ExHyperV,ExHyperV.ViewModels,VirtualMachinesPageViewModel,BuildExportCheckpointTree,56,6,1
ExHyperV,ExHyperV.ViewModels,VirtualMachinesPageViewModel,GoToGpuSettingsAsync,17,2,0
ExHyperV,ExHyperV.ViewModels,VirtualMachinesPageViewModel,RefreshCurrentVmGpuAssignments,64,4,0
ExHyperV,ExHyperV.ViewModels,VirtualMachinesPageViewModel,RemoveGpuAsync,35,4,1
ExHyperV,ExHyperV.ViewModels,VirtualMachinesPageViewModel,CanUpdateGpuDrivers,0,1,1
ExHyperV,ExHyperV.ViewModels,VirtualMachinesPageViewModel,UpdateGpuDriversAsync,53,2,1
ExHyperV,ExHyperV.ViewModels,VirtualMachinesPageViewModel,GoToAddGpuAsync,22,2,0
ExHyperV,ExHyperV.ViewModels,VirtualMachinesPageViewModel,CancelAddGpuAsync,13,2,0
ExHyperV,ExHyperV.ViewModels,VirtualMachinesPageViewModel,OnSelectedPartitionChanged,9,2,1
ExHyperV,ExHyperV.ViewModels,VirtualMachinesPageViewModel,CanConfirmAddGpu,0,1,0
ExHyperV,ExHyperV.ViewModels,VirtualMachinesPageViewModel,ConfirmAddGpu,57,3,0
ExHyperV,ExHyperV.ViewModels,VirtualMachinesPageViewModel,RunRealGpuWorkflowAsync,167,23,1
ExHyperV,ExHyperV.ViewModels,VirtualMachinesPageViewModel,SelectPartitionAndContinueAsync,112,9,1
ExHyperV,ExHyperV.ViewModels,VirtualMachinesPageViewModel,StartLinuxDeployAsync,85,8,0
ExHyperV,ExHyperV.ViewModels,VirtualMachinesPageViewModel,GoBackToPartitionList,8,2,0
ExHyperV,ExHyperV.ViewModels,VirtualMachinesPageViewModel,FinishWorkflowAsync,16,3,0
ExHyperV,ExHyperV.ViewModels,VirtualMachinesPageViewModel,NormalizeDeviceId,8,4,1
ExHyperV,ExHyperV.ViewModels,VirtualMachinesPageViewModel,AppendLog,7,2,1
ExHyperV,ExHyperV.ViewModels,VirtualMachinesPageViewModel,CopyLog,5,2,0
ExHyperV,ExHyperV.ViewModels,VirtualMachinesPageViewModel,ResetGpuDeploymentAsync,30,2,0
ExHyperV,ExHyperV.ViewModels,VirtualMachinesPageViewModel,OnVmImportSourcePathChanged,0,1,1
ExHyperV,ExHyperV.ViewModels,VirtualMachinesPageViewModel,OnVmImportSourceKindChanged,10,3,1
ExHyperV,ExHyperV.ViewModels,VirtualMachinesPageViewModel,OnIsPreparingVmImportChanged,6,1,1
ExHyperV,ExHyperV.ViewModels,VirtualMachinesPageViewModel,OnIsExecutingVmImportChanged,7,1,1
ExHyperV,ExHyperV.ViewModels,VirtualMachinesPageViewModel,OnIsVmImportCompletedChanged,4,1,1
ExHyperV,ExHyperV.ViewModels,VirtualMachinesPageViewModel,OnVmImportProgressChanged,4,2,1
ExHyperV,ExHyperV.ViewModels,VirtualMachinesPageViewModel,OnVmImportPreviewChanged,0,1,1
ExHyperV,ExHyperV.ViewModels,VirtualMachinesPageViewModel,OpenVmImport,17,2,0
ExHyperV,ExHyperV.ViewModels,VirtualMachinesPageViewModel,BrowseVmImportSource,6,2,0
ExHyperV,ExHyperV.ViewModels,VirtualMachinesPageViewModel,BrowseVmImportFolder,7,2,0
ExHyperV,ExHyperV.ViewModels,VirtualMachinesPageViewModel,BrowseVmImportZip,9,2,0
ExHyperV,ExHyperV.ViewModels,VirtualMachinesPageViewModel,SelectVmImportHostDirectories,0,1,0
ExHyperV,ExHyperV.ViewModels,VirtualMachinesPageViewModel,SelectVmImportExistingDirectory,4,2,0
ExHyperV,ExHyperV.ViewModels,VirtualMachinesPageViewModel,PrepareVmImportAsync,38,4,0
ExHyperV,ExHyperV.ViewModels,VirtualMachinesPageViewModel,StartVmImportAsync,102,6,0
ExHyperV,ExHyperV.ViewModels,VirtualMachinesPageViewModel,BackFromVmImportAsync,20,4,0
ExHyperV,ExHyperV.ViewModels,VirtualMachinesPageViewModel,DisposeVmImportSessionAsync,5,2,0
ExHyperV,ExHyperV.ViewModels,VirtualMachinesPageViewModel,GoToMemorySettingsAsync,35,4,0
ExHyperV,ExHyperV.ViewModels,VirtualMachinesPageViewModel,ApplyMmioSettingsAsync,39,5,1
ExHyperV,ExHyperV.ViewModels,VirtualMachinesPageViewModel,MemorySettings_PropertyChanged,56,5,2
ExHyperV,ExHyperV.ViewModels,VirtualMachinesPageViewModel,ApplyMemorySettingsAsync,31,4,0
ExHyperV,ExHyperV.ViewModels,VirtualMachinesPageViewModel,NormalizeMemoryBackingSettings,31,9,2
ExHyperV,ExHyperV.ViewModels,VirtualMachinesPageViewModel,RestoreMmioProperty,8,3,3
ExHyperV,ExHyperV.ViewModels,VirtualMachinesPageViewModel,GoToNetworkSettingsAsync,39,5,0
ExHyperV,ExHyperV.ViewModels,VirtualMachinesPageViewModel,SyncNetworkAdaptersInternal,52,6,2
ExHyperV,ExHyperV.ViewModels,VirtualMachinesPageViewModel,RevertAdaptersFromBackendAsync,9,2,0
ExHyperV,ExHyperV.ViewModels,VirtualMachinesPageViewModel,AddNetworkAdapterAsync,25,3,0
ExHyperV,ExHyperV.ViewModels,VirtualMachinesPageViewModel,RemoveNetworkAdapterAsync,25,3,1
ExHyperV,ExHyperV.ViewModels,VirtualMachinesPageViewModel,UpdateAdapterConnectionAsync,28,5,1
ExHyperV,ExHyperV.ViewModels,VirtualMachinesPageViewModel,ApplyMacAddressAsync,18,3,1
ExHyperV,ExHyperV.ViewModels,VirtualMachinesPageViewModel,ApplyVlanSettingsAsync,14,3,1
ExHyperV,ExHyperV.ViewModels,VirtualMachinesPageViewModel,ApplyQosSettingsAsync,14,3,1
ExHyperV,ExHyperV.ViewModels,VirtualMachinesPageViewModel,ApplySecuritySettingsAsync,24,4,1
ExHyperV,ExHyperV.ViewModels,VirtualMachinesPageViewModel,ToggleOffloadSettingAsync,10,4,1
ExHyperV,ExHyperV.ViewModels,VirtualMachinesPageViewModel,ToggleSecuritySettingAsync,10,4,1
ExHyperV,ExHyperV.ViewModels,VirtualMachinesPageViewModel,GoToPcieSettingsAsync,5,2,0
ExHyperV,ExHyperV.ViewModels,VirtualMachinesPageViewModel,LoadPcieSettingsAsync,32,5,1
ExHyperV,ExHyperV.ViewModels,VirtualMachinesPageViewModel,EnablePcieEmulationAsync,20,5,0
ExHyperV,ExHyperV.ViewModels,VirtualMachinesPageViewModel,OnSelectedPcieTopologyChanged,8,2,1
ExHyperV,ExHyperV.ViewModels,VirtualMachinesPageViewModel,ApplyPcieTopologyAsync,32,6,1
ExHyperV,ExHyperV.ViewModels,VirtualMachinesPageViewModel,RestorePcieTopology,5,2,2
ExHyperV,ExHyperV.ViewModels,VirtualMachinesPageViewModel,OnBootPciExpressEnabledChanged,4,2,1
ExHyperV,ExHyperV.ViewModels,VirtualMachinesPageViewModel,ApplyBootPciExpressAsync,13,4,1
ExHyperV,ExHyperV.ViewModels,VirtualMachinesPageViewModel,OnPcieDevicePropertyChanged,10,2,2
ExHyperV,ExHyperV.ViewModels,VirtualMachinesPageViewModel,ApplyPcieDeviceModeAsync,37,7,1
ExHyperV,ExHyperV.ViewModels,VirtualMachinesPageViewModel,RestorePcieDeviceMode,4,1,1
ExHyperV,ExHyperV.ViewModels,VirtualMachinesPageViewModel,ConfirmPermanentEmulationAsync,0,1,0
ExHyperV,ExHyperV.ViewModels,VirtualMachinesPageViewModel,GoToSecuritySettingsAsync,5,2,0
ExHyperV,ExHyperV.ViewModels,VirtualMachinesPageViewModel,LoadSecurityStateAsync,26,2,0
ExHyperV,ExHyperV.ViewModels,VirtualMachinesPageViewModel,OnSecureBootEnabledChanged,4,2,1
ExHyperV,ExHyperV.ViewModels,VirtualMachinesPageViewModel,OnTpmEnabledChanged,4,2,1
ExHyperV,ExHyperV.ViewModels,VirtualMachinesPageViewModel,ApplyTpmAsync,6,2,1
ExHyperV,ExHyperV.ViewModels,VirtualMachinesPageViewModel,OnEncryptionEnabledChanged,4,2,1
ExHyperV,ExHyperV.ViewModels,VirtualMachinesPageViewModel,OnShieldingEnabledChanged,4,2,1
ExHyperV,ExHyperV.ViewModels,VirtualMachinesPageViewModel,ApplyShieldingAsync,6,2,1
ExHyperV,ExHyperV.ViewModels,VirtualMachinesPageViewModel,OnSelectedSecureBootTemplateChanged,4,2,1
ExHyperV,ExHyperV.ViewModels,VirtualMachinesPageViewModel,ApplyTemplateAsync,6,2,1
ExHyperV,ExHyperV.ViewModels,VirtualMachinesPageViewModel,ApplySecurityAsync,7,3,2
ExHyperV,ExHyperV.ViewModels,VirtualMachinesPageViewModel,OnIsCheckpointsEnabledChanged,15,2,1
ExHyperV,ExHyperV.ViewModels,VirtualMachinesPageViewModel,CommitSpacetimeRenameAsync,25,5,1
ExHyperV,ExHyperV.ViewModels,VirtualMachinesPageViewModel,CancelSpacetimeRename,3,2,1
ExHyperV,ExHyperV.ViewModels,VirtualMachinesPageViewModel,GoToSpacetimeSettingsAsync,38,5,0
ExHyperV,ExHyperV.ViewModels,VirtualMachinesPageViewModel,CaptureMomentAsync,29,4,0
ExHyperV,ExHyperV.ViewModels,VirtualMachinesPageViewModel,Teleport,34,6,0
ExHyperV,ExHyperV.ViewModels,VirtualMachinesPageViewModel,Annihilate,19,3,0
ExHyperV,ExHyperV.ViewModels,VirtualMachinesPageViewModel,OpenWormhole,21,4,0
ExHyperV,ExHyperV.ViewModels,VirtualMachinesPageViewModel,CloseWormhole,18,3,0
ExHyperV,ExHyperV.ViewModels,VirtualMachinesPageViewModel,Convergence,19,3,0
ExHyperV,ExHyperV.ViewModels,VirtualMachinesPageViewModel,GoToStorageSettingsAsync,13,2,0
ExHyperV,ExHyperV.ViewModels,VirtualMachinesPageViewModel,LoadHostDisksAsync,11,2,0
ExHyperV,ExHyperV.ViewModels,VirtualMachinesPageViewModel,OptimizeStorageAsync,27,3,1
ExHyperV,ExHyperV.ViewModels,VirtualMachinesPageViewModel,RemoveStorageItemAsync,16,3,1
ExHyperV,ExHyperV.ViewModels,VirtualMachinesPageViewModel,CanEjectIso,0,1,1
ExHyperV,ExHyperV.ViewModels,VirtualMachinesPageViewModel,EjectIsoAsync,18,3,1
ExHyperV,ExHyperV.ViewModels,VirtualMachinesPageViewModel,CanEditStorage,3,1,1
ExHyperV,ExHyperV.ViewModels,VirtualMachinesPageViewModel,EditStoragePath,59,7,1
ExHyperV,ExHyperV.ViewModels,VirtualMachinesPageViewModel,CanOpenFolder,6,4,1
ExHyperV,ExHyperV.ViewModels,VirtualMachinesPageViewModel,OpenFolder,0,1,1
ExHyperV,ExHyperV.ViewModels,VirtualMachinesPageViewModel,OnAutoAssignChanged,6,2,1
ExHyperV,ExHyperV.ViewModels,VirtualMachinesPageViewModel,OnNewDiskSizeChanged,6,2,1
ExHyperV,ExHyperV.ViewModels,VirtualMachinesPageViewModel,OnIsNewDiskChanged,4,1,1
ExHyperV,ExHyperV.ViewModels,VirtualMachinesPageViewModel,OnDeviceTypeChanged,12,3,1
ExHyperV,ExHyperV.ViewModels,VirtualMachinesPageViewModel,OnIsPhysicalSourceChanged,13,4,1
ExHyperV,ExHyperV.ViewModels,VirtualMachinesPageViewModel,LoadHostOpticalsAsync,10,2,0
ExHyperV,ExHyperV.ViewModels,VirtualMachinesPageViewModel,OnSelectedControllerTypeChanged,13,2,1
ExHyperV,ExHyperV.ViewModels,VirtualMachinesPageViewModel,OnSelectedControllerNumberChanged,5,2,1
ExHyperV,ExHyperV.ViewModels,VirtualMachinesPageViewModel,GoToAddStorageAsync,17,3,0
ExHyperV,ExHyperV.ViewModels,VirtualMachinesPageViewModel,ConfirmAddStorageAsync,101,15,0
ExHyperV,ExHyperV.ViewModels,VirtualMachinesPageViewModel,CancelAddStorage,0,1,0
ExHyperV,ExHyperV.ViewModels,VirtualMachinesPageViewModel,BrowseFile,16,3,0
ExHyperV,ExHyperV.ViewModels,VirtualMachinesPageViewModel,BrowseFolder,10,2,0
ExHyperV,ExHyperV.ViewModels,VirtualMachinesPageViewModel,BrowseParentFile,5,2,0
ExHyperV,ExHyperV.ViewModels,VirtualMachinesPageViewModel,BrowseSaveIso,6,2,0
ExHyperV,ExHyperV.ViewModels,VirtualMachinesPageViewModel,AddDriveWrapperAsync,48,3,9
ExHyperV,ExHyperV.ViewModels,VirtualMachinesPageViewModel,CalculateBestSlot,59,18,0
ExHyperV,ExHyperV.ViewModels,VirtualMachinesPageViewModel,IsSlotOccupied,6,1,3
ExHyperV,ExHyperV.ViewModels,VirtualMachinesPageViewModel,SetSlot,34,1,3
ExHyperV,ExHyperV.ViewModels,VirtualMachinesPageViewModel,RefreshAvailableNumbers,6,2,1
ExHyperV,ExHyperV.ViewModels,VirtualMachinesPageViewModel,RefreshAvailableLocations,13,4,2
ExHyperV,ExHyperV.ViewModels,VirtualMachinesPageViewModel,UpdateAvailableLocations,19,4,0
ExHyperV,ExHyperV.ViewModels,VirtualMachinesPageViewModel,RefreshControllerOptions,43,6,0
ExHyperV,ExHyperV.ViewModels,VmExportCheckpointItemViewModel,VmExportCheckpointItemViewModel,8,1,2
ExHyperV,ExHyperV.ViewModels,VmExportDiskItemViewModel,VmExportDiskItemViewModel,10,1,6
ExHyperV,ExHyperV.ViewModels,VmInstanceViewModel,StartEditing,4,1,0
ExHyperV,ExHyperV.ViewModels,VmInstanceViewModel,OnIdChanged,1,2,1
ExHyperV,ExHyperV.ViewModels,VmInstanceViewModel,OnNameChanged,1,2,1
ExHyperV,ExHyperV.ViewModels,VmInstanceViewModel,OnNotesChanged,1,2,1
ExHyperV,ExHyperV.ViewModels,VmInstanceViewModel,OnGenerationChanged,1,2,1
ExHyperV,ExHyperV.ViewModels,VmInstanceViewModel,OnVersionChanged,1,2,1
ExHyperV,ExHyperV.ViewModels,VmInstanceViewModel,OnOsTypeChanged,1,2,1
ExHyperV,ExHyperV.ViewModels,VmInstanceViewModel,OnIpAddressChanged,4,2,1
ExHyperV,ExHyperV.ViewModels,VmInstanceViewModel,OnMacAddressChanged,1,2,1
ExHyperV,ExHyperV.ViewModels,VmInstanceViewModel,OnCpuCountChanged,1,2,1
ExHyperV,ExHyperV.ViewModels,VmInstanceViewModel,OnMemoryGbChanged,1,2,1
ExHyperV,ExHyperV.ViewModels,VmInstanceViewModel,OnProcessorChanged,1,2,1
ExHyperV,ExHyperV.ViewModels,VmInstanceViewModel,OnMemorySettingsChanged,1,2,1
ExHyperV,ExHyperV.ViewModels,VmInstanceViewModel,OnMmioSettingsChanged,1,2,1
ExHyperV,ExHyperV.ViewModels,VmInstanceViewModel,OnAssignedMemoryGbChanged,1,2,1
ExHyperV,ExHyperV.ViewModels,VmInstanceViewModel,OnDemandMemoryGbChanged,1,2,1
ExHyperV,ExHyperV.ViewModels,VmInstanceViewModel,OnTotalDiskSizeGbChanged,1,2,1
ExHyperV,ExHyperV.ViewModels,VmInstanceViewModel,OnGpuNameChanged,4,2,1
ExHyperV,ExHyperV.ViewModels,VmInstanceViewModel,RefreshGpuSummary,0,1,0
ExHyperV,ExHyperV.ViewModels,VmInstanceViewModel,OnIsGpuActiveChanged,1,2,1
ExHyperV,ExHyperV.ViewModels,VmInstanceViewModel,VmInstanceViewModel,36,1,1
ExHyperV,ExHyperV.ViewModels,VmInstanceViewModel,RecomputeIpAddressDisplay,12,2,1
ExHyperV,ExHyperV.ViewModels,VmInstanceViewModel,InitializeGpuHistory,12,2,0
ExHyperV,ExHyperV.ViewModels,VmInstanceViewModel,Apply,21,10,3
ExHyperV,ExHyperV.ViewModels,VmInstanceViewModel,ReconcileNetworkAdapters,45,6,2
ExHyperV,ExHyperV.ViewModels,VmInstanceViewModel,ReconcileDisks,38,8,3
ExHyperV,ExHyperV.ViewModels,VmInstanceViewModel,UpdateMemoryStatus,15,3,2
ExHyperV,ExHyperV.ViewModels,VmInstanceViewModel,UpdateHistoryPoints,18,3,1
ExHyperV,ExHyperV.ViewModels,VmInstanceViewModel,UpdateGpuStats,26,2,1
ExHyperV,ExHyperV.ViewModels,VmInstanceViewModel,UpdateSingleGpuHistory,4,2,2
ExHyperV,ExHyperV.ViewModels,VmInstanceViewModel,RefreshGpuPoints,6,1,0
ExHyperV,ExHyperV.ViewModels,VmInstanceViewModel,CalculateGpuPoints,10,2,1
ExHyperV,ExHyperV.ViewModels,VmInstanceViewModel,SyncBackendData,24,4,3
ExHyperV,ExHyperV.ViewModels,VmInstanceViewModel,TickUptime,7,2,0
ExHyperV,ExHyperV.ViewModels,VmInstanceViewModel,RefreshStateDisplay,26,4,0
ExHyperV,ExHyperV.ViewModels,VmInstanceViewModel,ShouldClearTransientState,6,4,1
ExHyperV,ExHyperV.ViewModels,VmInstanceViewModel,SetTransientState,1,1,1
ExHyperV,ExHyperV.ViewModels,VmInstanceViewModel,ClearTransientState,1,1,0
ExHyperV,ExHyperV.Views,VmAddGpuProgressView,VmAddGpuProgressView,3,1,0
ExHyperV,ExHyperV.Views,VmAddGpuProgressView,LogTextBox_TextChanged,6,2,2
ExHyperV,ExHyperV.Views,VmAddGpuSelectView,VmAddGpuSelectView,3,1,0
ExHyperV,ExHyperV.Views,VmAddStorageView,VmAddStorageView,3,1,0
ExHyperV,ExHyperV.Views,VmAdvancedSettingsView,VmAdvancedSettingsView,3,1,0
ExHyperV,ExHyperV.Views,VmBootSettingsView,VmBootSettingsView,3,1,0
ExHyperV,ExHyperV.Views,VmCpuAffinityView,VmCpuAffinityView,3,1,0
ExHyperV,ExHyperV.Views,VmCpuAffinityView,ItemsControl_PreviewMouseLeftButtonDown,11,2,2
ExHyperV,ExHyperV.Views,VmCpuAffinityView,ItemsControl_PreviewMouseMove,12,3,2
ExHyperV,ExHyperV.Views,VmCpuAffinityView,ItemsControl_PreviewMouseLeftButtonUp,4,1,2
ExHyperV,ExHyperV.Views,VmCpuAffinityView,GetCoreFromPosition,14,4,1
ExHyperV,ExHyperV.Views,VmCpuSettingsView,VmCpuSettingsView,3,1,0
ExHyperV,ExHyperV.Views,VmCreateView,VmCreateView,3,1,0
ExHyperV,ExHyperV.Views,VmDashboardView,VmDashboardView,3,1,0
ExHyperV,ExHyperV.Views,VmExportView,VmExportView,0,1,0
ExHyperV,ExHyperV.Views,VmExportView,ExportDisksList_PreviewMouseLeftButtonDown,10,2,2
ExHyperV,ExHyperV.Views,VmExportView,ExportDisksList_PreviewMouseMove,9,3,2
ExHyperV,ExHyperV.Views,VmExportView,ExportDisksList_PreviewMouseLeftButtonUp,5,1,2
ExHyperV,ExHyperV.Views,VmExportView,GetExportDiskFromPosition,18,4,1
ExHyperV,ExHyperV.Views,VmGpuSettingsView,VmGpuSettingsView,3,1,0
ExHyperV,ExHyperV.Views,VmImportView,VmImportView,0,1,0
ExHyperV,ExHyperV.Views,VmNetSettingsView,VmNetSettingsView,3,1,0
ExHyperV,ExHyperV.Views,VmPcieSettingsView,VmPcieSettingsView,3,1,0
ExHyperV,ExHyperV.Views,VmRamSettingsView,VmRamSettingsView,3,1,0
ExHyperV,ExHyperV.Views,VmSecuritySettingsView,VmSecuritySettingsView,0,1,0
ExHyperV,ExHyperV.Views,VmSpacetimeSettingsView,VmSpacetimeSettingsView,36,1,0
ExHyperV,ExHyperV.Views,VmSpacetimeSettingsView,OnViewLoaded,14,3,2
ExHyperV,ExHyperV.Views,VmSpacetimeSettingsView,OnViewUnloaded,10,2,2
ExHyperV,ExHyperV.Views,VmSpacetimeSettingsView,OnThemeChanged,0,1,2
ExHyperV,ExHyperV.Views,VmSpacetimeSettingsView,OnVmPropertyChanged,16,5,2
ExHyperV,ExHyperV.Views,VmSpacetimeSettingsView,RefreshSelectionStyle,37,9,0
ExHyperV,ExHyperV.Views,VmSpacetimeSettingsView,RenderSpacetimeFlow,49,8,0
ExHyperV,ExHyperV.Views,VmSpacetimeSettingsView,CalculateMaxDepth,5,2,1
ExHyperV,ExHyperV.Views,VmSpacetimeSettingsView,ExportButton_Click,3,1,2
ExHyperV,ExHyperV.Views,VmSpacetimeSettingsView,ExportTopologyAsImage,56,5,0
ExHyperV,ExHyperV.Views,VmSpacetimeSettingsView,DrawOffscreen,57,5,4
ExHyperV,ExHyperV.Views,VmSpacetimeSettingsView,DrawOffscreenAnchor,60,2,5
ExHyperV,ExHyperV.Views,VmSpacetimeSettingsView,UpdateContentBounds,4,1,4
ExHyperV,ExHyperV.Views,VmSpacetimeSettingsView,DrawRecursiveStep,22,5,5
ExHyperV,ExHyperV.Views,VmSpacetimeSettingsView,CalculateLeafCounts,14,3,1
ExHyperV,ExHyperV.Views,VmSpacetimeSettingsView,DrawRecursive,20,4,5
ExHyperV,ExHyperV.Views,VmSpacetimeSettingsView,DrawSpacetimeAnchor,31,2,3
ExHyperV,ExHyperV.Views,VmSpacetimeSettingsView,DrawTimeLine,15,1,2
ExHyperV,ExHyperV.Views,VmSpacetimeSettingsView,DrawWormholeLines,47,7,0
ExHyperV,ExHyperV.Views,VmSpacetimeSettingsView,CenterOnSelectedNode,9,1,0
ExHyperV,ExHyperV.Views,VmSpacetimeSettingsView,CanvasContainer_MouseDown,6,1,2
ExHyperV,ExHyperV.Views,VmSpacetimeSettingsView,CanvasContainer_MouseMove,45,6,2
ExHyperV,ExHyperV.Views,VmSpacetimeSettingsView,CanvasContainer_MouseUp,13,3,2
ExHyperV,ExHyperV.Views,VmSpacetimeSettingsView,CanvasContainer_MouseLeave,10,2,2
ExHyperV,ExHyperV.Views,VmSpacetimeSettingsView,SubscribeNodeEvents,5,3,1
ExHyperV,ExHyperV.Views,VmSpacetimeSettingsView,UnsubscribeNodeEvents,5,3,1
ExHyperV,ExHyperV.Views,VmSpacetimeSettingsView,OnNodePropertyChanged,16,2,2
ExHyperV,ExHyperV.Views,VmStorageSettingsView,VmStorageSettingsView,3,1,0
ExHyperV,ExHyperV.Views,AddSwitchView,AddSwitchView,3,1,0
ExHyperV,ExHyperV.Views,HostPage,HostPage,4,1,0
ExHyperV,ExHyperV.Views,MainPage,MainPage,4,1,0
ExHyperV,ExHyperV.Views,PCIePage,PCIePage,3,1,0
ExHyperV,ExHyperV.Views,SettingsPage,SettingsPage,4,1,0
ExHyperV,ExHyperV.Views,SwitchPage,SwitchPage,4,1,0
ExHyperV,ExHyperV.Views,USBPage,USBPage,3,1,0
ExHyperV,ExHyperV.Views,VirtualMachinesPage,VirtualMachinesPage,4,1,0
ExHyperV,ExHyperV.Views,VirtualMachinesPage,OnOsTypeSelectionChanged,8,2,2
ExHyperV,ExHyperV.Views,VirtualMachinesPage,VmList_SelectionChanged,4,2,2
ExHyperV,ExHyperV.Views,ConsoleWindow,ConsoleWindow,110,2,2
ExHyperV,ExHyperV.Views,ConsoleWindow,OnSourceInitialized,4,1,1
ExHyperV,ExHyperV.Views,ConsoleWindow,OnContentRendered,6,2,1
ExHyperV,ExHyperV.Views,ConsoleWindow,TopResizeHook,12,3,5
ExHyperV,ExHyperV.Views,ConsoleWindow,OnVmPolled,0,1,0
ExHyperV,ExHyperV.Views,ConsoleWindow,OnViewModelPropertyChanged,31,11,2
ExHyperV,ExHyperV.Views,ConsoleWindow,SyncConnection,32,7,1
ExHyperV,ExHyperV.Views,ConsoleWindow,BuildHyperVSettings,21,1,6
ExHyperV,ExHyperV.Views,ConsoleWindow,EnterFullScreen,17,2,0
ExHyperV,ExHyperV.Views,ConsoleWindow,ExitFullScreen,11,1,0
ExHyperV,ExHyperV.Views,ConsoleWindow,ApplyWindowedLayout,7,3,0
ExHyperV,ExHyperV.Views,ConsoleWindow,FitToResolution,32,10,2
ExHyperV,ExHyperV.Views,ConsoleWindow,LayoutRdpHost,65,6,0
ExHyperV,ExHyperV.Views,ConsoleWindow,ApplyBasicZoom,12,3,0
ExHyperV,ExHyperV.Views,ConsoleWindow,BasicZoomPercent,6,2,0
ExHyperV,ExHyperV.Views,ConsoleWindow,AutoZoomPercent,18,4,0
ExHyperV,ExHyperV.Views,ConsoleWindow,ClampZoom,0,1,1
ExHyperV,ExHyperV.Views,ConsoleWindow,EnsureEnhancedResizeBorder,12,4,0
ExHyperV,ExHyperV.Views,ConsoleWindow,GetWindowOverhead,11,2,0
ExHyperV,ExHyperV.Views,ConsoleWindow,SetWindowForRdpArea,5,1,2
ExHyperV,ExHyperV.Views,ConsoleWindow,NegotiateResolution,13,3,0
ExHyperV,ExHyperV.Views,ConsoleWindow,OnSendCadRequested,4,1,2
ExHyperV,ExHyperV.Views,ConsoleWindow,OnHeaderMouseLeftButtonDown,4,2,2
ExHyperV,ExHyperV.Views,ConsoleWindow,OnDispatcherUnhandledException,10,2,2
ExHyperV,ExHyperV.Views,ConsoleWindow,OnClosing,9,2,1
ExHyperV,ExHyperV.Views,ConsoleWindow,OnClosed,12,2,1
ExHyperV,ExHyperV.Views,ConsoleWindow,WndProc,56,9,5
ExHyperV,ExHyperV.Views,ConsoleWindow,MonitorFromWindow,0,1,2
ExHyperV,ExHyperV.Views,ConsoleWindow,GetMonitorInfo,0,1,2
ExHyperV,ExHyperV.Views,ConsoleWindow,GetSystemMetrics,0,1,1
ExHyperV,ExHyperV.Views,ConsoleWindow,GetWindowRect,0,1,2
ExHyperV,ExHyperV.Views,ConsoleWindow,DwmSetWindowAttribute,0,1,4
ExHyperV,ExHyperV.Views,ConsoleWindow,GetDpiForWindow,0,1,1
ExHyperV,ExHyperV.Views,ConsoleWindow,GetDpiScale,14,3,0
ExHyperV,ExHyperV.Views,MainWindow,MainWindow,14,2,0
ExHyperV,ExHyperV.Views,MainWindow,PagePreload,16,2,2
